tr|Q8XE85|Q8XE85_ECO57,NP_308499.1,100.000,523,0,0,1,523,1,523,0.0,1070,100.00
tr|Q8XE85|Q8XE85_ECO57,EEW0257881.1,99.809,523,1,0,1,523,1,523,0.0,1070,100.00
tr|Q8XE85|Q8XE85_ECO57,EPN4581190.1,99.809,523,1,0,1,523,1,523,0.0,1070,100.00
tr|Q8XE85|Q8XE85_ECO57,ELN1154112.1,99.809,523,1,0,1,523,1,523,0.0,1070,100.00
tr|Q8XE85|Q8XE85_ECO57,HAU8682224.1,99.809,523,1,0,1,523,1,523,0.0,1070,100.00
tr|Q8XE85|Q8XE85_ECO57,EOL5862654.1,99.809,523,1,0,1,523,1,523,0.0,1070,100.00
tr|Q8XE85|Q8XE85_ECO57,HFP0229094.1,99.809,523,1,0,1,523,1,523,0.0,1070,100.00
tr|Q8XE85|Q8XE85_ECO57,PSX72577.1,99.809,523,1,0,1,523,1,523,0.0,1070,100.00
tr|Q8XE85|Q8XE85_ECO57,EFE4130721.1,99.809,523,1,0,1,523,1,523,0.0,1070,100.00
tr|Q8XE85|Q8XE85_ECO57,EES4630920.1,99.809,523,1,0,1,523,1,523,0.0,1069,100.00
tr|Q8XE85|Q8XE85_ECO57,EEQ5537682.1,99.809,523,1,0,1,523,1,523,0.0,1069,100.00
tr|Q8XE85|Q8XE85_ECO57,EOR8573378.1,99.809,523,1,0,1,523,1,523,0.0,1069,100.00
tr|Q8XE85|Q8XE85_ECO57,EFB7705507.1,99.809,523,1,0,1,523,1,523,0.0,1069,100.00
tr|Q8XE85|Q8XE85_ECO57,EGS9274563.1,99.809,523,1,0,1,523,1,523,0.0,1069,100.00
tr|Q8XE85|Q8XE85_ECO57,EFC8049356.1,99.809,523,1,0,1,523,1,523,0.0,1069,100.00
tr|Q8XE85|Q8XE85_ECO57,EEC9715295.1,99.809,523,1,0,1,523,1,523,0.0,1069,100.00
tr|Q8XE85|Q8XE85_ECO57,EOQ6012636.1,99.809,523,1,0,1,523,1,523,0.0,1069,100.00
tr|Q8XE85|Q8XE85_ECO57,EFG2643889.1,99.809,523,1,0,1,523,1,523,0.0,1069,100.00
tr|Q8XE85|Q8XE85_ECO57,ENB8472524.1,99.809,523,1,0,1,523,1,523,0.0,1069,100.00
tr|Q8XE85|Q8XE85_ECO57,EFL4762025.1,99.809,523,1,0,1,523,1,523,0.0,1069,100.00
tr|Q8XE85|Q8XE85_ECO57,EEC8191004.1,99.809,523,1,0,1,523,1,523,0.0,1069,100.00
tr|Q8XE85|Q8XE85_ECO57,EOL8066819.1,99.809,523,1,0,1,523,1,523,0.0,1069,100.00
tr|Q8XE85|Q8XE85_ECO57,EES1796302.1,99.809,523,1,0,1,523,1,523,0.0,1069,100.00
tr|Q8XE85|Q8XE85_ECO57,HDI9055631.1,99.809,523,1,0,1,523,1,523,0.0,1069,100.00
tr|Q8XE85|Q8XE85_ECO57,ENB7525263.1,99.809,523,1,0,1,523,1,523,0.0,1069,100.00
tr|Q8XE85|Q8XE85_ECO57,EFV2012956.1,99.809,523,1,0,1,523,1,523,0.0,1069,100.00
tr|Q8XE85|Q8XE85_ECO57,EER7635618.1,99.809,523,1,0,1,523,1,523,0.0,1069,100.00
tr|Q8XE85|Q8XE85_ECO57,EEZ3019106.1,99.809,523,1,0,1,523,1,523,0.0,1069,99.81
tr|Q8XE85|Q8XE85_ECO57,EES6543509.1,99.809,523,1,0,1,523,1,523,0.0,1069,100.00
tr|Q8XE85|Q8XE85_ECO57,EOL5448612.1,99.809,523,1,0,1,523,1,523,0.0,1069,100.00
tr|Q8XE85|Q8XE85_ECO57,HCC7284169.1,99.809,523,1,0,1,523,1,523,0.0,1069,99.81
tr|Q8XE85|Q8XE85_ECO57,EOS2568885.1,99.809,523,1,0,1,523,1,523,0.0,1069,99.81
tr|Q8XE85|Q8XE85_ECO57,EOP4835504.1,99.809,523,1,0,1,523,1,523,0.0,1069,99.81
tr|Q8XE85|Q8XE85_ECO57,EFD8940685.1,99.809,523,1,0,1,523,1,523,0.0,1069,100.00
tr|Q8XE85|Q8XE85_ECO57,HAM8321452.1,99.809,523,1,0,1,523,1,523,0.0,1069,99.81
tr|Q8XE85|Q8XE85_ECO57,EES7814273.1,99.809,523,1,0,1,523,1,523,0.0,1069,99.81
tr|Q8XE85|Q8XE85_ECO57,EEC8552567.1,99.809,523,1,0,1,523,1,523,0.0,1069,100.00
tr|Q8XE85|Q8XE85_ECO57,EFF3715535.1,99.809,523,1,0,1,523,1,523,0.0,1068,100.00
tr|Q8XE85|Q8XE85_ECO57,EJZ0482628.1,99.809,523,1,0,1,523,1,523,0.0,1068,100.00
tr|Q8XE85|Q8XE85_ECO57,ENC8540744.1,99.809,523,1,0,1,523,1,523,0.0,1068,99.81
tr|Q8XE85|Q8XE85_ECO57,EON8694426.1,99.809,523,1,0,1,523,1,523,0.0,1068,99.81
tr|Q8XE85|Q8XE85_ECO57,EOB5824123.1,99.809,523,1,0,1,523,1,523,0.0,1068,99.81
tr|Q8XE85|Q8XE85_ECO57,EGW0590005.1,99.809,523,1,0,1,523,1,523,0.0,1068,100.00
tr|Q8XE85|Q8XE85_ECO57,EHP3483485.1,99.809,523,1,0,1,523,1,523,0.0,1068,100.00
tr|Q8XE85|Q8XE85_ECO57,EEQ2415048.1,99.809,523,1,0,1,523,1,523,0.0,1068,99.81
tr|Q8XE85|Q8XE85_ECO57,EPH5554053.1,99.809,523,1,0,1,523,1,523,0.0,1068,100.00
tr|Q8XE85|Q8XE85_ECO57,EON8219378.1,99.809,523,1,0,1,523,1,523,0.0,1068,99.81
tr|Q8XE85|Q8XE85_ECO57,EFG5746488.1,99.618,523,2,0,1,523,1,523,0.0,1068,100.00
tr|Q8XE85|Q8XE85_ECO57,EEU3233530.1,99.809,523,1,0,1,523,1,523,0.0,1068,99.81
tr|Q8XE85|Q8XE85_ECO57,EGL7664343.1,99.809,523,1,0,1,523,1,523,0.0,1068,99.81
tr|Q8XE85|Q8XE85_ECO57,EGE6282656.1,99.809,523,1,0,1,523,1,523,0.0,1068,100.00
tr|Q8XE85|Q8XE85_ECO57,EJQ5251916.1,99.809,523,1,0,1,523,1,523,0.0,1068,99.81
tr|Q8XE85|Q8XE85_ECO57,EJS4048273.1,99.809,523,1,0,1,523,1,523,0.0,1068,99.81
tr|Q8XE85|Q8XE85_ECO57,EEQ2024127.1,99.809,523,1,0,1,523,1,523,0.0,1068,99.81
tr|Q8XE85|Q8XE85_ECO57,EEX3729134.1,99.809,523,1,0,1,523,1,523,0.0,1068,99.81
tr|Q8XE85|Q8XE85_ECO57,EII2845705.1,99.809,523,1,0,1,523,1,523,0.0,1068,99.81
tr|Q8XE85|Q8XE85_ECO57,HAN5267813.1,99.809,523,1,0,1,523,1,523,0.0,1068,99.81
tr|Q8XE85|Q8XE85_ECO57,EFG2456348.1,99.809,523,1,0,1,523,1,523,0.0,1068,100.00
tr|Q8XE85|Q8XE85_ECO57,EET4018782.1,99.809,523,1,0,1,523,1,523,0.0,1068,100.00
tr|Q8XE85|Q8XE85_ECO57,ELF4887153.1,99.809,523,1,0,1,523,1,523,0.0,1068,100.00
tr|Q8XE85|Q8XE85_ECO57,EOQ9562727.1,99.809,523,1,0,1,523,1,523,0.0,1068,99.81
tr|Q8XE85|Q8XE85_ECO57,HDP5426984.1,99.809,523,1,0,1,523,1,523,0.0,1068,100.00
tr|Q8XE85|Q8XE85_ECO57,EEZ2619058.1,99.809,523,1,0,1,523,1,523,0.0,1068,100.00
tr|Q8XE85|Q8XE85_ECO57,EEQ6752056.1,99.809,523,1,0,1,523,1,523,0.0,1068,99.81
tr|Q8XE85|Q8XE85_ECO57,EFA2458772.1,99.809,523,1,0,1,523,1,523,0.0,1068,99.81
tr|Q8XE85|Q8XE85_ECO57,EOR5904528.1,99.809,523,1,0,1,523,1,523,0.0,1068,99.81
tr|Q8XE85|Q8XE85_ECO57,EFD8401292.1,99.809,523,1,0,1,523,1,523,0.0,1068,100.00
tr|Q8XE85|Q8XE85_ECO57,EES3701011.1,99.809,523,1,0,1,523,1,523,0.0,1068,99.81
tr|Q8XE85|Q8XE85_ECO57,EOM5112076.1,99.809,523,1,0,1,523,1,523,0.0,1068,99.81
tr|Q8XE85|Q8XE85_ECO57,EFG9123599.1,99.809,523,1,0,1,523,1,523,0.0,1068,100.00
tr|Q8XE85|Q8XE85_ECO57,QSJ57321.1,99.809,523,1,0,1,523,1,523,0.0,1068,99.81
tr|Q8XE85|Q8XE85_ECO57,EHQ5448295.1,99.809,523,1,0,1,523,1,523,0.0,1068,99.81
tr|Q8XE85|Q8XE85_ECO57,EER0493837.1,99.809,523,1,0,1,523,1,523,0.0,1068,99.81
tr|Q8XE85|Q8XE85_ECO57,ELI1843890.1,99.618,523,2,0,1,523,1,523,0.0,1068,100.00
tr|Q8XE85|Q8XE85_ECO57,EOQ5956314.1,99.809,523,1,0,1,523,1,523,0.0,1068,99.81
tr|Q8XE85|Q8XE85_ECO57,ELV4439542.1,99.809,523,1,0,1,523,1,523,0.0,1068,99.81
tr|Q8XE85|Q8XE85_ECO57,EOR2084048.1,99.809,523,1,0,1,523,1,523,0.0,1068,99.81
tr|Q8XE85|Q8XE85_ECO57,EFJ4912123.1,99.809,523,1,0,1,523,1,523,0.0,1068,100.00
tr|Q8XE85|Q8XE85_ECO57,EFL3691926.1,99.809,523,1,0,1,523,1,523,0.0,1068,99.81
tr|Q8XE85|Q8XE85_ECO57,EET3378695.1,99.809,523,1,0,1,523,1,523,0.0,1068,99.81
tr|Q8XE85|Q8XE85_ECO57,EGO2068363.1,99.809,523,1,0,1,523,1,523,0.0,1068,99.81
tr|Q8XE85|Q8XE85_ECO57,EES6098101.1,99.809,523,1,0,1,523,1,523,0.0,1068,100.00
tr|Q8XE85|Q8XE85_ECO57,EKH53223.1,100.000,522,0,0,2,523,1,522,0.0,1068,100.00
tr|Q8XE85|Q8XE85_ECO57,EOL1644376.1,99.809,523,1,0,1,523,1,523,0.0,1068,99.81
tr|Q8XE85|Q8XE85_ECO57,EGK9945986.1,99.618,523,2,0,1,523,1,523,0.0,1067,99.81
tr|Q8XE85|Q8XE85_ECO57,EJP4918281.1,99.809,523,1,0,1,523,1,523,0.0,1067,99.81
tr|Q8XE85|Q8XE85_ECO57,EEU3723251.1,99.809,523,1,0,1,523,1,523,0.0,1067,99.81
tr|Q8XE85|Q8XE85_ECO57,EFB6510950.1,99.808,522,1,0,1,522,1,522,0.0,1067,100.00
tr|Q8XE85|Q8XE85_ECO57,EFD8074833.1,99.809,523,1,0,1,523,1,523,0.0,1067,99.81
tr|Q8XE85|Q8XE85_ECO57,EEQ7321660.1,99.809,523,1,0,1,523,1,523,0.0,1067,99.81
tr|Q8XE85|Q8XE85_ECO57,EEY9110768.1,99.809,523,1,0,1,523,1,523,0.0,1067,99.81
tr|Q8XE85|Q8XE85_ECO57,ENQ5336872.1,99.809,523,1,0,1,523,1,523,0.0,1067,99.81
tr|Q8XE85|Q8XE85_ECO57,EFI5718746.1,99.618,523,2,0,1,523,1,523,0.0,1066,99.81
tr|Q8XE85|Q8XE85_ECO57,ELT9720593.1,99.618,523,2,0,1,523,1,523,0.0,1066,99.81
tr|Q8XE85|Q8XE85_ECO57,EJC1940068.1,99.618,523,2,0,1,523,1,523,0.0,1066,99.81
tr|Q8XE85|Q8XE85_ECO57,EFK6379304.1,99.618,523,2,0,1,523,1,523,0.0,1066,99.81
tr|Q8XE85|Q8XE85_ECO57,PAU13238.1,99.618,523,2,0,1,523,1,523,0.0,1066,99.81
tr|Q8XE85|Q8XE85_ECO57,EET7959572.1,99.618,523,2,0,1,523,1,523,0.0,1066,99.81
tr|Q8XE85|Q8XE85_ECO57,EOS0300449.1,99.618,523,2,0,1,523,1,523,0.0,1066,99.62
tr|Q8XE85|Q8XE85_ECO57,AEZ39134.1,99.618,523,2,0,1,523,1,523,0.0,1066,99.81
tr|Q8XE85|Q8XE85_ECO57,EOK8354780.1,99.809,523,1,0,1,523,1,523,0.0,1066,99.81
tr|Q8XE85|Q8XE85_ECO57,EON6788600.1,99.809,523,1,0,1,523,1,523,0.0,1066,99.81
tr|Q8XE85|Q8XE85_ECO57,EKK7196855.1,99.809,523,1,0,1,523,1,523,0.0,1066,99.81
tr|Q8XE85|Q8XE85_ECO57,EER3173869.1,99.809,523,1,0,1,523,1,523,0.0,1066,99.81
tr|Q8XE85|Q8XE85_ECO57,EEY7347132.1,99.618,523,2,0,1,523,1,523,0.0,1066,99.62
tr|Q8XE85|Q8XE85_ECO57,ELB7222648.1,99.618,523,2,0,1,523,1,523,0.0,1066,99.81
tr|Q8XE85|Q8XE85_ECO57,EFD8472840.1,99.618,523,2,0,1,523,1,523,0.0,1066,99.81
tr|Q8XE85|Q8XE85_ECO57,EHY3149403.1,99.618,523,2,0,1,523,1,523,0.0,1066,99.62
tr|Q8XE85|Q8XE85_ECO57,EFG6941494.1,99.618,523,2,0,1,523,1,523,0.0,1066,99.62
tr|Q8XE85|Q8XE85_ECO57,ENF3087587.1,99.618,523,2,0,1,523,1,523,0.0,1065,99.81
tr|Q8XE85|Q8XE85_ECO57,ELT8672326.1,99.426,523,3,0,1,523,1,523,0.0,1065,99.81
tr|Q8XE85|Q8XE85_ECO57,EEQ5990581.1,99.618,523,2,0,1,523,1,523,0.0,1065,99.62
tr|Q8XE85|Q8XE85_ECO57,EEW8573392.1,99.618,523,2,0,1,523,1,523,0.0,1065,99.62
tr|Q8XE85|Q8XE85_ECO57,EKI5907499.1,99.618,523,2,0,1,523,1,523,0.0,1064,99.62
tr|Q8XE85|Q8XE85_ECO57,EES6594907.1,99.241,527,0,1,1,523,1,527,0.0,1064,99.24
tr|Q8XE85|Q8XE85_ECO57,EES0862965.1,99.618,523,2,0,1,523,1,523,0.0,1064,99.62
tr|Q8XE85|Q8XE85_ECO57,EFB3614952.1,99.618,523,2,0,1,523,1,523,0.0,1064,99.62
tr|Q8XE85|Q8XE85_ECO57,EFG7695069.1,99.426,523,3,0,1,523,1,523,0.0,1064,99.62
tr|Q8XE85|Q8XE85_ECO57,WXP48519.1,99.426,523,3,0,1,523,1,523,0.0,1064,99.81
tr|Q8XE85|Q8XE85_ECO57,EFA8180270.1,99.241,527,0,1,1,523,1,527,0.0,1064,99.24
tr|Q8XE85|Q8XE85_ECO57,EEC8282755.1,99.426,523,3,0,1,523,1,523,0.0,1063,99.62
tr|Q8XE85|Q8XE85_ECO57,EJU0990944.1,99.618,523,2,0,1,523,1,523,0.0,1063,99.62
tr|Q8XE85|Q8XE85_ECO57,EFA1939825.1,99.241,527,0,1,1,523,1,527,0.0,1063,99.24
tr|Q8XE85|Q8XE85_ECO57,HCP8319465.1,99.618,523,2,0,1,523,1,523,0.0,1063,99.62
tr|Q8XE85|Q8XE85_ECO57,EEW6069937.1,99.426,523,3,0,1,523,1,523,0.0,1063,99.62
tr|Q8XE85|Q8XE85_ECO57,EIT4639715.1,99.426,523,3,0,1,523,1,523,0.0,1063,99.62
tr|Q8XE85|Q8XE85_ECO57,ENH1509980.1,99.618,523,2,0,1,523,1,523,0.0,1063,99.62
tr|Q8XE85|Q8XE85_ECO57,EFE3267535.1,99.426,523,3,0,1,523,1,523,0.0,1063,99.62
tr|Q8XE85|Q8XE85_ECO57,EEC8084793.1,99.053,528,0,1,1,523,1,528,0.0,1063,99.05
tr|Q8XE85|Q8XE85_ECO57,MCV8387185.1,99.426,523,3,0,1,523,1,523,0.0,1063,99.62
tr|Q8XE85|Q8XE85_ECO57,EOQ4067280.1,99.235,523,4,0,1,523,1,523,0.0,1062,99.62
tr|Q8XE85|Q8XE85_ECO57,AIF92063.1,99.235,523,4,0,1,523,1,523,0.0,1062,99.24
tr|Q8XE85|Q8XE85_ECO57,EME6386615.1,99.235,523,4,0,1,523,1,523,0.0,1061,99.43
tr|Q8XE85|Q8XE85_ECO57,EZJ89732.1,99.235,523,4,0,1,523,1,523,0.0,1061,99.43
tr|Q8XE85|Q8XE85_ECO57,EGL7910590.1,99.235,523,4,0,1,523,1,523,0.0,1061,99.43
tr|Q8XE85|Q8XE85_ECO57,EFM6334229.1,99.235,523,4,0,1,523,1,523,0.0,1061,99.62
tr|Q8XE85|Q8XE85_ECO57,EPD1771162.1,98.864,528,1,1,1,523,1,528,0.0,1061,98.86
tr|Q8XE85|Q8XE85_ECO57,HDR7022974.1,99.235,523,4,0,1,523,1,523,0.0,1061,99.62
tr|Q8XE85|Q8XE85_ECO57,EGM8667811.1,99.051,527,1,1,1,523,1,527,0.0,1061,99.05
tr|Q8XE85|Q8XE85_ECO57,EOT8851516.1,99.235,523,4,0,1,523,1,523,0.0,1061,99.62
tr|Q8XE85|Q8XE85_ECO57,HCO0362220.1,99.235,523,4,0,1,523,1,523,0.0,1061,99.62
tr|Q8XE85|Q8XE85_ECO57,HGT5578286.1,99.235,523,4,0,1,523,1,523,0.0,1060,99.43
tr|Q8XE85|Q8XE85_ECO57,EES3918700.1,99.426,523,3,0,1,523,1,523,0.0,1060,99.43
tr|Q8XE85|Q8XE85_ECO57,EGI6838361.1,99.235,523,4,0,1,523,1,523,0.0,1060,99.43
tr|Q8XE85|Q8XE85_ECO57,HAN7665506.1,99.235,523,4,0,1,523,1,523,0.0,1060,99.43
tr|Q8XE85|Q8XE85_ECO57,MBB8155752.1,98.861,527,2,1,1,523,1,527,0.0,1060,99.05
tr|Q8XE85|Q8XE85_ECO57,EEQ8304756.1,99.235,523,4,0,1,523,1,523,0.0,1060,99.43
tr|Q8XE85|Q8XE85_ECO57,EFB2465270.1,99.235,523,4,0,1,523,1,523,0.0,1059,99.43
tr|Q8XE85|Q8XE85_ECO57,ENL5730511.1,99.235,523,4,0,1,523,1,523,0.0,1059,99.24
tr|Q8XE85|Q8XE85_ECO57,HAU9736932.1,99.044,523,5,0,1,523,1,523,0.0,1058,99.43
tr|Q8XE85|Q8XE85_ECO57,EIG9873561.1,99.235,523,4,0,1,523,1,523,0.0,1058,99.43
tr|Q8XE85|Q8XE85_ECO57,HAI0065625.1,99.044,523,5,0,1,523,1,523,0.0,1058,99.43
tr|Q8XE85|Q8XE85_ECO57,EFC6286063.1,98.853,523,6,0,1,523,1,523,0.0,1058,99.24
tr|Q8XE85|Q8XE85_ECO57,EOV3886154.1,99.044,523,5,0,1,523,1,523,0.0,1058,99.24
tr|Q8XE85|Q8XE85_ECO57,EEU9362215.1,99.044,523,5,0,1,523,1,523,0.0,1058,99.43
tr|Q8XE85|Q8XE85_ECO57,HFO6513941.1,99.044,523,5,0,1,523,1,523,0.0,1058,99.24
tr|Q8XE85|Q8XE85_ECO57,HHL6481942.1,98.853,523,6,0,1,523,1,523,0.0,1057,99.24
tr|Q8XE85|Q8XE85_ECO57,MED6941084.1,99.235,523,0,1,1,523,1,519,0.0,1057,99.24
tr|Q8XE85|Q8XE85_ECO57,EFB2819052.1,99.044,523,5,0,1,523,1,523,0.0,1057,99.43
tr|Q8XE85|Q8XE85_ECO57,HFU0597204.1,98.853,523,6,0,1,523,1,523,0.0,1057,99.24
tr|Q8XE85|Q8XE85_ECO57,MBL7445702.1,99.044,523,5,0,1,523,1,523,0.0,1056,99.43
tr|Q8XE85|Q8XE85_ECO57,EEC9766127.1,99.044,523,5,0,1,523,1,523,0.0,1056,99.24
tr|Q8XE85|Q8XE85_ECO57,HAX5095726.1,98.853,523,6,0,1,523,1,523,0.0,1056,99.43
tr|Q8XE85|Q8XE85_ECO57,EMD3197608.1,98.485,528,3,1,1,523,1,528,0.0,1056,98.67
tr|Q8XE85|Q8XE85_ECO57,EEW8726975.1,99.044,523,1,1,1,523,1,519,0.0,1055,99.04
tr|Q8XE85|Q8XE85_ECO57,EIR6420837.1,98.853,523,6,0,1,523,1,523,0.0,1055,99.24
tr|Q8XE85|Q8XE85_ECO57,EFB5146072.1,98.482,527,4,1,1,523,1,527,0.0,1055,98.67
tr|Q8XE85|Q8XE85_ECO57,EEU2127523.1,99.044,523,1,1,1,523,1,519,0.0,1055,99.04
tr|Q8XE85|Q8XE85_ECO57,ELE8940519.1,99.044,523,1,1,1,523,1,519,0.0,1055,99.04
tr|Q8XE85|Q8XE85_ECO57,EJM2175735.1,99.044,523,1,1,1,523,1,519,0.0,1055,99.04
tr|Q8XE85|Q8XE85_ECO57,EHT3681163.1,98.662,523,7,0,1,523,1,523,0.0,1055,99.24
tr|Q8XE85|Q8XE85_ECO57,MFS3813674.1,98.662,523,7,0,1,523,1,523,0.0,1053,99.24
tr|Q8XE85|Q8XE85_ECO57,EET4615297.1,99.044,523,0,1,1,523,1,518,0.0,1053,99.04
tr|Q8XE85|Q8XE85_ECO57,ENN7731542.1,97.740,531,4,1,1,523,1,531,0.0,1053,97.93
tr|Q8XE85|Q8XE85_ECO57,HFO5170722.1,98.295,528,4,1,1,523,1,528,0.0,1053,98.48
tr|Q8XE85|Q8XE85_ECO57,EOM7057049.1,97.740,531,4,1,1,523,1,531,0.0,1052,97.93
tr|Q8XE85|Q8XE85_ECO57,END4881171.1,98.470,523,8,0,1,523,1,523,0.0,1052,99.04
tr|Q8XE85|Q8XE85_ECO57,EGD7149000.1,98.102,527,6,1,1,523,1,527,0.0,1052,98.48
tr|Q8XE85|Q8XE85_ECO57,EGD7494482.1,97.009,535,4,1,1,523,1,535,0.0,1052,97.20
tr|Q8XE85|Q8XE85_ECO57,EFF6694036.1,98.473,524,7,1,1,523,1,524,0.0,1051,99.24
tr|Q8XE85|Q8XE85_ECO57,EEQ8439556.1,98.853,523,2,1,1,523,1,519,0.0,1051,98.85
tr|Q8XE85|Q8XE85_ECO57,MGR6277466.1,98.102,527,6,1,1,523,1,527,0.0,1051,98.48
tr|Q8XE85|Q8XE85_ECO57,ENR5684345.1,98.279,523,9,0,1,523,1,523,0.0,1050,99.04
tr|Q8XE85|Q8XE85_ECO57,AUJ95054.1,97.552,531,5,1,1,523,1,531,0.0,1050,97.93
tr|Q8XE85|Q8XE85_ECO57,ENC4016066.1,97.913,527,7,1,1,523,1,527,0.0,1050,98.29
tr|Q8XE85|Q8XE85_ECO57,EEQ2264666.1,98.662,523,3,1,1,523,1,519,0.0,1050,98.85
tr|Q8XE85|Q8XE85_ECO57,EKY3611786.1,98.295,528,0,2,1,523,1,524,0.0,1050,98.30
tr|Q8XE85|Q8XE85_ECO57,EKP7844405.1,96.822,535,5,1,1,523,1,535,0.0,1050,97.20
tr|Q8XE85|Q8XE85_ECO57,QIB19268.1,98.282,524,8,1,1,523,1,524,0.0,1050,99.05
tr|Q8XE85|Q8XE85_ECO57,EOT5719344.1,98.282,524,8,1,1,523,1,524,0.0,1050,99.24
tr|Q8XE85|Q8XE85_ECO57,PHL26444.1,96.289,539,4,1,1,523,1,539,0.0,1049,96.47
tr|Q8XE85|Q8XE85_ECO57,EFW0658533.1,96.822,535,5,1,1,523,1,535,0.0,1049,97.20
tr|Q8XE85|Q8XE85_ECO57,EIN2798202.1,100.000,512,0,0,1,512,1,512,0.0,1049,100.00
tr|Q8XE85|Q8XE85_ECO57,HHV2290988.1,96.104,539,5,1,1,523,1,539,0.0,1048,96.47
tr|Q8XE85|Q8XE85_ECO57,EJV4778219.1,98.470,523,4,1,1,523,1,519,0.0,1047,98.66
tr|Q8XE85|Q8XE85_ECO57,EEW8731021.1,98.279,523,9,0,1,523,1,523,0.0,1047,98.66
tr|Q8XE85|Q8XE85_ECO57,EJN3381196.1,98.470,523,4,1,1,523,1,519,0.0,1047,98.66
tr|Q8XE85|Q8XE85_ECO57,MEE6878311.1,98.470,523,4,1,1,523,1,519,0.0,1046,98.66
tr|Q8XE85|Q8XE85_ECO57,EEV6173070.1,98.470,523,3,1,1,523,1,518,0.0,1046,98.66
tr|Q8XE85|Q8XE85_ECO57,ELT8056872.1,95.396,543,5,1,1,523,1,543,0.0,1046,95.76
tr|Q8XE85|Q8XE85_ECO57,MBB6887291.1,97.363,531,6,1,1,523,1,531,0.0,1046,97.74
tr|Q8XE85|Q8XE85_ECO57,EMZ5973733.1,98.470,523,4,1,1,523,1,519,0.0,1046,98.66
tr|Q8XE85|Q8XE85_ECO57,XYO52368.1,95.396,543,5,1,1,523,1,543,0.0,1045,95.76
tr|Q8XE85|Q8XE85_ECO57,HAY3945969.1,96.987,531,8,1,1,523,1,531,0.0,1045,97.55
tr|Q8XE85|Q8XE85_ECO57,EFO3601831.1,98.088,523,10,0,1,523,1,523,0.0,1045,98.66
tr|Q8XE85|Q8XE85_ECO57,HDT0929104.1,97.543,529,7,2,1,523,1,529,0.0,1045,98.30
tr|Q8XE85|Q8XE85_ECO57,EHO3054419.1,98.279,523,4,1,1,523,1,518,0.0,1044,98.47
tr|Q8XE85|Q8XE85_ECO57,EJG6373082.1,97.723,527,8,1,1,523,1,527,0.0,1044,98.29
tr|Q8XE85|Q8XE85_ECO57,MCV5724862.1,98.279,523,5,1,1,523,1,519,0.0,1044,98.47
tr|Q8XE85|Q8XE85_ECO57,EEZ4358798.1,98.088,523,6,1,1,523,1,519,0.0,1043,98.66
tr|Q8XE85|Q8XE85_ECO57,EOY4627736.1,96.798,531,9,1,1,523,1,531,0.0,1043,97.36
tr|Q8XE85|Q8XE85_ECO57,HAU9465044.1,98.279,523,4,1,1,523,1,518,0.0,1043,98.47
tr|Q8XE85|Q8XE85_ECO57,ENB6026857.1,96.075,535,9,1,1,523,1,535,0.0,1042,96.64
tr|Q8XE85|Q8XE85_ECO57,EFP6907317.1,95.547,539,8,1,1,523,1,539,0.0,1041,96.10
tr|Q8XE85|Q8XE85_ECO57,EFI1495236.1,97.897,523,7,1,1,523,1,519,0.0,1041,98.47
tr|Q8XE85|Q8XE85_ECO57,STL83011.1,97.514,523,13,0,1,523,1,523,0.0,1041,98.66
tr|Q8XE85|Q8XE85_ECO57,MWO54504.1,98.088,523,6,1,1,523,1,519,0.0,1040,98.28
tr|Q8XE85|Q8XE85_ECO57,MDY7944121.1,97.706,523,8,1,1,523,1,519,0.0,1039,98.47
tr|Q8XE85|Q8XE85_ECO57,ENQ0474387.1,97.710,524,7,2,1,523,1,520,0.0,1037,98.47
tr|Q8XE85|Q8XE85_ECO57,HGX8689370.1,97.706,523,8,1,1,523,1,519,0.0,1037,98.28
tr|Q8XE85|Q8XE85_ECO57,MBA8428019.1,97.137,524,14,1,1,523,1,524,0.0,1036,98.28
tr|Q8XE85|Q8XE85_ECO57,MCK2577279.1,96.610,531,5,2,1,523,1,526,0.0,1034,96.99
tr|Q8XE85|Q8XE85_ECO57,EOK0850471.1,97.323,523,10,1,1,523,1,519,0.0,1033,97.90
tr|Q8XE85|Q8XE85_ECO57,HAX2050682.1,96.947,524,15,1,1,523,1,524,0.0,1033,98.28
tr|Q8XE85|Q8XE85_ECO57,EPP8235115.1,96.947,524,15,1,1,523,1,524,0.0,1032,98.09
tr|Q8XE85|Q8XE85_ECO57,EEZ3793545.1,96.750,523,17,0,1,523,1,523,0.0,1031,97.71
tr|Q8XE85|Q8XE85_ECO57,EHR8279536.1,96.367,523,19,0,1,523,1,523,0.0,1031,98.09
tr|Q8XE85|Q8XE85_ECO57,EFD8820661.1,96.565,524,17,1,1,523,1,524,0.0,1031,98.09
tr|Q8XE85|Q8XE85_ECO57,EPB6710560.1,96.756,524,16,1,1,523,1,524,0.0,1031,97.90
tr|Q8XE85|Q8XE85_ECO57,EFO3081597.1,96.558,523,18,0,1,523,1,523,0.0,1030,97.51
tr|Q8XE85|Q8XE85_ECO57,EPF7943746.1,96.558,523,18,0,1,523,1,523,0.0,1030,97.51
tr|Q8XE85|Q8XE85_ECO57,HAW4217609.1,96.558,523,18,0,1,523,1,523,0.0,1030,97.71
tr|Q8XE85|Q8XE85_ECO57,HEA3610591.1,96.565,524,17,1,1,523,1,524,0.0,1030,98.28
tr|Q8XE85|Q8XE85_ECO57,EFC5410168.1,96.565,524,17,1,1,523,1,524,0.0,1030,98.09
tr|Q8XE85|Q8XE85_ECO57,EJI3593437.1,96.558,523,18,0,1,523,1,523,0.0,1030,97.51
tr|Q8XE85|Q8XE85_ECO57,MDD8219138.1,96.558,523,18,0,1,523,1,523,0.0,1030,97.71
tr|Q8XE85|Q8XE85_ECO57,ENY3574597.1,96.558,523,18,0,1,523,1,523,0.0,1030,97.71
tr|Q8XE85|Q8XE85_ECO57,EEZ9253020.1,96.565,524,17,1,1,523,1,524,0.0,1030,98.28
tr|Q8XE85|Q8XE85_ECO57,EAA0963144.1,96.558,523,18,0,1,523,1,523,0.0,1029,97.51
tr|Q8XE85|Q8XE85_ECO57,HDQ6663060.1,96.558,523,18,0,1,523,1,523,0.0,1029,97.51
tr|Q8XE85|Q8XE85_ECO57,MCW3852949.1,96.367,523,19,0,1,523,1,523,0.0,1028,97.51
tr|Q8XE85|Q8XE85_ECO57,EGT2341166.1,96.565,524,17,1,1,523,1,524,0.0,1028,98.09
tr|Q8XE85|Q8XE85_ECO57,HFJ6950186.1,96.558,523,18,0,1,523,1,523,0.0,1028,97.51
tr|Q8XE85|Q8XE85_ECO57,EPQ4349708.1,96.367,523,19,0,1,523,1,523,0.0,1028,97.51
tr|Q8XE85|Q8XE85_ECO57,MCK2228010.1,96.367,523,19,0,1,523,1,523,0.0,1028,97.51
tr|Q8XE85|Q8XE85_ECO57,HDQ1427827.1,96.367,523,19,0,1,523,1,523,0.0,1028,97.32
tr|Q8XE85|Q8XE85_ECO57,HAW2412873.1,96.367,523,19,0,1,523,1,523,0.0,1028,97.32
tr|Q8XE85|Q8XE85_ECO57,HFD0442207.1,96.367,523,19,0,1,523,1,523,0.0,1028,97.51
tr|Q8XE85|Q8XE85_ECO57,HDV1501139.1,96.367,523,19,0,1,523,1,523,0.0,1028,97.51
tr|Q8XE85|Q8XE85_ECO57,HEA3603079.1,96.367,523,19,0,1,523,1,523,0.0,1028,97.32
tr|Q8XE85|Q8XE85_ECO57,EHH4261942.1,96.367,523,19,0,1,523,1,523,0.0,1028,97.32
tr|Q8XE85|Q8XE85_ECO57,EFN8536708.1,96.367,523,19,0,1,523,1,523,0.0,1028,97.51
tr|Q8XE85|Q8XE85_ECO57,EFU9409003.1,96.565,524,17,1,1,523,1,524,0.0,1028,97.71
tr|Q8XE85|Q8XE85_ECO57,WIX52818.1,96.367,523,19,0,1,523,1,523,0.0,1028,97.51
tr|Q8XE85|Q8XE85_ECO57,MCV7927368.1,96.367,523,19,0,1,523,1,523,0.0,1028,97.51
tr|Q8XE85|Q8XE85_ECO57,MCV4308627.1,96.367,523,19,0,1,523,1,523,0.0,1028,97.32
tr|Q8XE85|Q8XE85_ECO57,MWR67551.1,96.367,523,19,0,1,523,1,523,0.0,1027,97.32
tr|Q8XE85|Q8XE85_ECO57,EFM2070773.1,96.374,524,18,1,1,523,1,524,0.0,1027,97.52
tr|Q8XE85|Q8XE85_ECO57,EHE2702525.1,96.367,523,19,0,1,523,1,523,0.0,1027,97.32
tr|Q8XE85|Q8XE85_ECO57,HFK8181114.1,96.176,523,20,0,1,523,1,523,0.0,1027,97.32
tr|Q8XE85|Q8XE85_ECO57,EEQ4738917.1,96.367,523,19,0,1,523,1,523,0.0,1027,97.32
tr|Q8XE85|Q8XE85_ECO57,EOT3196526.1,96.367,523,19,0,1,523,1,523,0.0,1027,97.51
tr|Q8XE85|Q8XE85_ECO57,EFS7692761.1,96.558,523,18,0,1,523,1,523,0.0,1027,97.51
tr|Q8XE85|Q8XE85_ECO57,EES4556491.1,96.367,523,19,0,1,523,1,523,0.0,1026,97.32
tr|Q8XE85|Q8XE85_ECO57,HCP5534849.1,96.367,523,19,0,1,523,1,523,0.0,1026,97.32
tr|Q8XE85|Q8XE85_ECO57,HBJ0688907.1,96.941,523,12,1,1,523,1,519,0.0,1026,97.51
tr|Q8XE85|Q8XE85_ECO57,EOC3419698.1,96.367,523,19,0,1,523,1,523,0.0,1026,97.32
tr|Q8XE85|Q8XE85_ECO57,ELC3635422.1,96.176,523,20,0,1,523,1,523,0.0,1026,97.32
tr|Q8XE85|Q8XE85_ECO57,EHK7383385.1,96.176,523,20,0,1,523,1,523,0.0,1026,96.94
tr|Q8XE85|Q8XE85_ECO57,ENY7927941.1,96.367,523,19,0,1,523,1,523,0.0,1026,97.32
tr|Q8XE85|Q8XE85_ECO57,HAN7998722.1,95.825,527,18,1,1,523,1,527,0.0,1026,96.77
tr|Q8XE85|Q8XE85_ECO57,MBS9578470.1,96.374,524,18,1,1,523,1,524,0.0,1026,97.71
tr|Q8XE85|Q8XE85_ECO57,MCW3182813.1,96.183,524,19,1,1,523,1,524,0.0,1026,97.90
tr|Q8XE85|Q8XE85_ECO57,EJK1445367.1,96.756,524,12,2,1,523,1,520,0.0,1026,97.71
tr|Q8XE85|Q8XE85_ECO57,MCD3985015.1,96.367,523,19,0,1,523,1,523,0.0,1026,97.32
tr|Q8XE85|Q8XE85_ECO57,EKK4593984.1,96.374,524,18,1,1,523,1,524,0.0,1025,98.09
tr|Q8XE85|Q8XE85_ECO57,EEY7907452.1,96.176,523,20,0,1,523,1,523,0.0,1025,97.13
tr|Q8XE85|Q8XE85_ECO57,HAM5329078.1,96.367,523,19,0,1,523,1,523,0.0,1025,97.32
tr|Q8XE85|Q8XE85_ECO57,HBB7782963.1,96.176,523,20,0,1,523,1,523,0.0,1025,97.32
tr|Q8XE85|Q8XE85_ECO57,MBS9011851.1,96.750,523,13,1,1,523,1,519,0.0,1025,97.51
tr|Q8XE85|Q8XE85_ECO57,HCP8723142.1,96.374,524,18,1,1,523,1,524,0.0,1025,97.52
tr|Q8XE85|Q8XE85_ECO57,EFJ9878046.1,96.374,524,18,1,1,523,1,524,0.0,1024,97.52
tr|Q8XE85|Q8XE85_ECO57,HDP4930611.1,96.374,524,18,1,1,523,1,524,0.0,1024,97.90
tr|Q8XE85|Q8XE85_ECO57,MBB7582713.1,96.176,523,20,0,1,523,1,523,0.0,1023,97.13
tr|Q8XE85|Q8XE85_ECO57,HCQ0739864.1,96.374,524,14,2,1,523,1,520,0.0,1023,97.71
tr|Q8XE85|Q8XE85_ECO57,MDC9062280.1,96.565,524,13,2,1,523,1,520,0.0,1023,97.52
tr|Q8XE85|Q8XE85_ECO57,AQZ78775.1,96.176,523,20,0,1,523,1,523,0.0,1023,97.13
tr|Q8XE85|Q8XE85_ECO57,MCV5860613.1,95.825,527,18,1,1,523,1,527,0.0,1023,96.77
tr|Q8XE85|Q8XE85_ECO57,EKB2308684.1,96.183,524,19,1,1,523,1,524,0.0,1023,97.52
tr|Q8XE85|Q8XE85_ECO57,EKY4422489.1,95.985,523,21,0,1,523,1,523,0.0,1023,97.32
tr|Q8XE85|Q8XE85_ECO57,ENF7413855.1,96.367,523,15,1,1,523,1,519,0.0,1023,97.51
tr|Q8XE85|Q8XE85_ECO57,MCV5816096.1,96.367,523,15,1,1,523,1,519,0.0,1022,97.51
tr|Q8XE85|Q8XE85_ECO57,HAX7399559.1,96.183,524,19,1,1,523,1,524,0.0,1022,97.33
tr|Q8XE85|Q8XE85_ECO57,MBC0501946.1,96.176,523,20,0,1,523,1,523,0.0,1022,97.13
tr|Q8XE85|Q8XE85_ECO57,HHN9745248.1,95.793,523,22,0,1,523,1,523,0.0,1022,97.13
tr|Q8XE85|Q8XE85_ECO57,EJU4212429.1,95.793,523,22,0,1,523,1,523,0.0,1021,97.32
tr|Q8XE85|Q8XE85_ECO57,EEZ5976677.1,95.793,523,22,0,1,523,1,523,0.0,1021,97.13
tr|Q8XE85|Q8XE85_ECO57,EFH5758622.1,95.985,523,21,0,1,523,1,523,0.0,1021,96.94
tr|Q8XE85|Q8XE85_ECO57,PAQ66758.1,96.176,523,16,1,1,523,1,519,0.0,1021,97.51
tr|Q8XE85|Q8XE85_ECO57,ELY8825306.1,95.985,523,21,0,1,523,1,523,0.0,1021,96.94
tr|Q8XE85|Q8XE85_ECO57,HBI2745099.1,96.374,524,14,2,1,523,1,520,0.0,1021,97.33
tr|Q8XE85|Q8XE85_ECO57,EII3453904.1,95.602,523,23,0,1,523,1,523,0.0,1021,97.13
tr|Q8XE85|Q8XE85_ECO57,EFN9660436.1,95.793,523,22,0,1,523,1,523,0.0,1020,97.32
tr|Q8XE85|Q8XE85_ECO57,EGI4302701.1,95.602,523,23,0,1,523,1,523,0.0,1020,97.13
tr|Q8XE85|Q8XE85_ECO57,HGF2436100.1,95.602,523,23,0,1,523,1,523,0.0,1020,97.13
tr|Q8XE85|Q8XE85_ECO57,EGA1133737.1,95.793,523,22,0,1,523,1,523,0.0,1020,97.13
tr|Q8XE85|Q8XE85_ECO57,MDM8869864.1,95.793,523,22,0,1,523,1,523,0.0,1020,96.94
tr|Q8XE85|Q8XE85_ECO57,HGC4557142.1,95.602,523,23,0,1,523,1,523,0.0,1020,97.13
tr|Q8XE85|Q8XE85_ECO57,EOJ5396443.1,95.985,523,17,1,1,523,1,519,0.0,1020,96.75
tr|Q8XE85|Q8XE85_ECO57,EOL9381336.1,95.992,524,20,1,1,523,1,524,0.0,1020,97.33
tr|Q8XE85|Q8XE85_ECO57,ELH6840550.1,95.793,523,22,0,1,523,1,523,0.0,1020,96.94
tr|Q8XE85|Q8XE85_ECO57,MWN22048.1,95.602,523,23,0,1,523,1,523,0.0,1020,97.32
tr|Q8XE85|Q8XE85_ECO57,EEZ9085103.1,95.602,523,23,0,1,523,1,523,0.0,1019,97.13
tr|Q8XE85|Q8XE85_ECO57,HCO5569907.1,95.793,523,22,0,1,523,1,523,0.0,1019,97.13
tr|Q8XE85|Q8XE85_ECO57,EHR8917752.1,95.992,524,20,1,1,523,1,524,0.0,1019,97.14
tr|Q8XE85|Q8XE85_ECO57,EIT3802577.1,95.793,523,22,0,1,523,1,523,0.0,1019,96.75
tr|Q8XE85|Q8XE85_ECO57,HBD3061847.1,95.602,523,23,0,1,523,1,523,0.0,1019,96.94
tr|Q8XE85|Q8XE85_ECO57,HCO6443459.1,95.602,523,23,0,1,523,1,523,0.0,1019,96.94
tr|Q8XE85|Q8XE85_ECO57,EEQ3929826.1,95.602,523,23,0,1,523,1,523,0.0,1019,97.13
tr|Q8XE85|Q8XE85_ECO57,EFP0879206.1,95.985,523,17,1,1,523,1,519,0.0,1019,97.32
tr|Q8XE85|Q8XE85_ECO57,EJN2315801.1,95.455,528,19,2,1,523,1,528,0.0,1019,97.16
tr|Q8XE85|Q8XE85_ECO57,HCO5333798.1,95.602,523,23,0,1,523,1,523,0.0,1019,96.94
tr|Q8XE85|Q8XE85_ECO57,EOK5215359.1,95.602,523,23,0,1,523,1,523,0.0,1019,97.13
tr|Q8XE85|Q8XE85_ECO57,HAU8116576.1,95.602,523,23,0,1,523,1,523,0.0,1019,97.13
tr|Q8XE85|Q8XE85_ECO57,HAX6978789.1,95.602,523,23,0,1,523,1,523,0.0,1019,96.94
tr|Q8XE85|Q8XE85_ECO57,RZX40635.1,95.602,523,23,0,1,523,1,523,0.0,1019,96.94
tr|Q8XE85|Q8XE85_ECO57,ELT7083973.1,95.602,523,23,0,1,523,1,523,0.0,1019,97.13
tr|Q8XE85|Q8XE85_ECO57,POS23771.1,95.411,523,24,0,1,523,1,523,0.0,1018,97.13
tr|Q8XE85|Q8XE85_ECO57,HFV8313105.1,95.602,523,23,0,1,523,1,523,0.0,1018,96.94
tr|Q8XE85|Q8XE85_ECO57,MDN0647673.1,95.602,523,23,0,1,523,1,523,0.0,1018,96.94
tr|Q8XE85|Q8XE85_ECO57,HCW3014938.1,95.992,524,16,2,1,523,1,520,0.0,1018,97.52
tr|Q8XE85|Q8XE85_ECO57,EKO1478810.1,95.602,523,23,0,1,523,1,523,0.0,1018,96.94
tr|Q8XE85|Q8XE85_ECO57,EOM3850320.1,95.810,525,20,1,1,523,1,525,0.0,1018,96.76
tr|Q8XE85|Q8XE85_ECO57,EFI6395777.1,95.992,524,16,2,1,523,1,520,0.0,1018,97.52
tr|Q8XE85|Q8XE85_ECO57,EFG2312110.1,95.802,524,21,1,1,523,1,524,0.0,1018,97.14
tr|Q8XE85|Q8XE85_ECO57,HHS5171471.1,95.793,523,18,1,1,523,1,519,0.0,1018,97.32
tr|Q8XE85|Q8XE85_ECO57,EHQ0043372.1,95.602,523,23,0,1,523,1,523,0.0,1018,97.13
tr|Q8XE85|Q8XE85_ECO57,MEE6959853.1,95.411,523,24,0,1,523,1,523,0.0,1018,96.94
tr|Q8XE85|Q8XE85_ECO57,MDM1314035.1,95.810,525,20,1,1,523,1,525,0.0,1018,96.76
tr|Q8XE85|Q8XE85_ECO57,EFK3655566.1,95.602,523,23,0,1,523,1,523,0.0,1018,96.94
tr|Q8XE85|Q8XE85_ECO57,HCM9850561.1,95.602,523,23,0,1,523,1,523,0.0,1018,96.94
tr|Q8XE85|Q8XE85_ECO57,EOZ4159303.1,95.446,527,20,1,1,523,1,527,0.0,1018,96.39
tr|Q8XE85|Q8XE85_ECO57,HAJ6949034.1,95.411,523,24,0,1,523,1,523,0.0,1017,96.94
tr|Q8XE85|Q8XE85_ECO57,EOS9672554.1,95.411,523,24,0,1,523,1,523,0.0,1017,96.75
tr|Q8XE85|Q8XE85_ECO57,HFV6201431.1,95.602,523,23,0,1,523,1,523,0.0,1017,96.94
tr|Q8XE85|Q8XE85_ECO57,EEV7657581.1,95.619,525,21,1,1,523,1,525,0.0,1017,96.76
tr|Q8XE85|Q8XE85_ECO57,EEW8152807.1,95.602,523,23,0,1,523,1,523,0.0,1017,96.94
tr|Q8XE85|Q8XE85_ECO57,EFL5778044.1,95.793,523,18,1,1,523,1,519,0.0,1017,97.13
tr|Q8XE85|Q8XE85_ECO57,UKO76445.1,95.411,523,24,0,1,523,1,523,0.0,1017,96.94
tr|Q8XE85|Q8XE85_ECO57,HAX4980831.1,95.802,524,17,2,1,523,1,520,0.0,1016,97.33
tr|Q8XE85|Q8XE85_ECO57,HBH4706349.1,95.793,523,18,1,1,523,1,519,0.0,1016,96.75
tr|Q8XE85|Q8XE85_ECO57,EHO01474.1,95.985,523,17,1,1,523,1,519,0.0,1015,96.75
tr|Q8XE85|Q8XE85_ECO57,EGE6595580.1,96.367,523,14,2,1,523,1,518,0.0,1015,96.94
tr|Q8XE85|Q8XE85_ECO57,HFV0595245.1,95.220,523,25,0,1,523,1,523,0.0,1014,96.75
tr|Q8XE85|Q8XE85_ECO57,EKG1437462.1,95.411,523,24,0,1,523,1,523,0.0,1014,96.94
tr|Q8XE85|Q8XE85_ECO57,EFJ1935778.1,96.367,523,14,2,1,523,1,518,0.0,1014,96.75
tr|Q8XE85|Q8XE85_ECO57,ASA60907.1,95.220,523,25,0,1,523,1,523,0.0,1014,96.75
tr|Q8XE85|Q8XE85_ECO57,HFX4494460.1,96.176,523,15,2,1,523,1,518,0.0,1014,96.75
tr|Q8XE85|Q8XE85_ECO57,EOT8308227.1,95.429,525,20,2,1,523,1,523,0.0,1013,96.57
tr|Q8XE85|Q8XE85_ECO57,HAX6829131.1,95.220,523,25,0,1,523,1,523,0.0,1013,96.75
tr|Q8XE85|Q8XE85_ECO57,EEW6052951.1,95.793,523,18,1,1,523,1,519,0.0,1013,96.56
tr|Q8XE85|Q8XE85_ECO57,ELN3680221.1,95.029,523,26,0,1,523,1,523,0.0,1013,96.75
tr|Q8XE85|Q8XE85_ECO57,HFV8339895.1,95.029,523,26,0,1,523,1,523,0.0,1013,96.75
tr|Q8XE85|Q8XE85_ECO57,EFC1218702.1,95.029,523,26,0,1,523,1,523,0.0,1012,96.56
tr|Q8XE85|Q8XE85_ECO57,OWS86247.1,95.029,523,26,0,1,523,1,523,0.0,1012,96.56
tr|Q8XE85|Q8XE85_ECO57,EHT1097747.1,95.437,526,17,3,1,523,1,522,0.0,1012,96.58
tr|Q8XE85|Q8XE85_ECO57,HDO7456009.1,95.029,523,26,0,1,523,1,523,0.0,1011,96.56
tr|Q8XE85|Q8XE85_ECO57,HAI5418633.1,95.985,523,16,2,1,523,1,518,0.0,1011,96.56
tr|Q8XE85|Q8XE85_ECO57,EMB7580293.1,94.857,525,23,2,1,523,1,523,0.0,1011,96.76
tr|Q8XE85|Q8XE85_ECO57,EES2505695.1,100.000,493,0,0,1,493,1,493,0.0,1009,100.00
tr|Q8XE85|Q8XE85_ECO57,EIL1427178.1,95.029,523,24,1,1,523,1,521,0.0,1009,96.56
tr|Q8XE85|Q8XE85_ECO57,HBE6260377.1,94.073,523,31,0,1,523,1,523,0.0,1007,96.75
tr|Q8XE85|Q8XE85_ECO57,ELD0454108.1,94.264,523,26,1,1,523,1,519,0.0,1007,96.75
tr|Q8XE85|Q8XE85_ECO57,KAB3447451.1,95.220,523,21,1,1,523,1,519,0.0,1007,96.56
tr|Q8XE85|Q8XE85_ECO57,HCB9557601.1,94.073,523,27,1,1,523,1,519,0.0,1006,96.37
tr|Q8XE85|Q8XE85_ECO57,EOW5786271.1,95.029,523,22,1,1,523,1,519,0.0,1006,96.37
tr|Q8XE85|Q8XE85_ECO57,HAY0357504.1,94.837,523,23,1,1,523,1,519,0.0,1005,96.18
tr|Q8XE85|Q8XE85_ECO57,HHN6353906.1,94.837,523,23,1,1,523,1,519,0.0,1005,96.37
tr|Q8XE85|Q8XE85_ECO57,EIH8787476.1,94.837,523,23,1,1,523,1,519,0.0,1004,96.18
tr|Q8XE85|Q8XE85_ECO57,HFO5844441.1,100.000,490,0,0,1,490,1,490,0.0,1004,100.00
tr|Q8XE85|Q8XE85_ECO57,EHK3871183.1,94.837,523,23,1,1,523,1,519,0.0,1003,96.37
tr|Q8XE85|Q8XE85_ECO57,EFH4382098.1,94.847,524,22,2,1,523,1,520,0.0,1003,96.56
tr|Q8XE85|Q8XE85_ECO57,HGV8001519.1,100.000,489,0,0,1,489,1,489,0.0,1002,100.00
tr|Q8XE85|Q8XE85_ECO57,EFE3758501.1,94.847,524,22,2,1,523,1,520,0.0,1002,95.99
tr|Q8XE85|Q8XE85_ECO57,EEV2765869.1,94.656,524,23,2,1,523,1,520,0.0,1002,96.18
tr|Q8XE85|Q8XE85_ECO57,EFW7504363.1,94.847,524,22,2,1,523,1,520,0.0,1002,96.18
tr|Q8XE85|Q8XE85_ECO57,EMA9567203.1,94.656,524,23,2,1,523,1,520,0.0,1001,96.18
tr|Q8XE85|Q8XE85_ECO57,QZY67774.1,93.308,523,35,0,1,523,1,523,0.0,1001,95.98
tr|Q8XE85|Q8XE85_ECO57,EMZ2640104.1,94.656,524,23,2,1,523,1,520,0.0,1001,95.99
tr|Q8XE85|Q8XE85_ECO57,EFL9203986.1,94.656,524,23,2,1,523,1,520,0.0,1001,95.99
tr|Q8XE85|Q8XE85_ECO57,HHT8729815.1,94.656,524,23,2,1,523,1,520,0.0,1001,96.18
tr|Q8XE85|Q8XE85_ECO57,HBA9118884.1,94.656,524,23,2,1,523,1,520,0.0,1001,96.18
tr|Q8XE85|Q8XE85_ECO57,EPD4714006.1,94.656,524,23,2,1,523,1,520,0.0,1001,95.99
tr|Q8XE85|Q8XE85_ECO57,EOU8886966.1,94.656,524,23,2,1,523,1,520,0.0,1001,96.18
tr|Q8XE85|Q8XE85_ECO57,HAW8573916.1,94.656,524,23,2,1,523,1,520,0.0,1001,96.18
tr|Q8XE85|Q8XE85_ECO57,EHT4991296.1,94.656,524,23,2,1,523,1,520,0.0,1001,96.18
tr|Q8XE85|Q8XE85_ECO57,HDI9231434.1,94.656,524,23,2,1,523,1,520,0.0,1001,96.18
tr|Q8XE85|Q8XE85_ECO57,EHA0685664.1,94.656,524,23,2,1,523,1,520,0.0,1001,95.99
tr|Q8XE85|Q8XE85_ECO57,KPP03109.1,94.656,524,23,2,1,523,1,520,0.0,1001,96.18
tr|Q8XE85|Q8XE85_ECO57,EOX9494251.1,94.656,524,23,2,1,523,1,520,0.0,1001,96.18
tr|Q8XE85|Q8XE85_ECO57,EKJ5516682.1,94.656,524,23,2,1,523,1,520,0.0,1001,95.99
tr|Q8XE85|Q8XE85_ECO57,ENC4060503.1,94.656,524,23,2,1,523,1,520,0.0,1001,95.99
tr|Q8XE85|Q8XE85_ECO57,HAH2527754.1,94.656,524,23,2,1,523,1,520,0.0,1000,95.99
tr|Q8XE85|Q8XE85_ECO57,EFF3445338.1,94.656,524,23,2,1,523,1,520,0.0,1000,95.99
tr|Q8XE85|Q8XE85_ECO57,KAE9684506.1,94.656,524,23,2,1,523,1,520,0.0,1000,95.99
tr|Q8XE85|Q8XE85_ECO57,GEI33668.1,94.656,524,23,2,1,523,1,520,0.0,1000,96.18
tr|Q8XE85|Q8XE85_ECO57,HAM9007746.1,94.656,524,23,2,1,523,1,520,0.0,1000,96.18
tr|Q8XE85|Q8XE85_ECO57,EKE9480960.1,94.656,524,23,2,1,523,1,520,0.0,1000,96.18
tr|Q8XE85|Q8XE85_ECO57,GEE22630.1,94.656,524,23,2,1,523,1,520,0.0,1000,95.99
tr|Q8XE85|Q8XE85_ECO57,HDX3082639.1,94.656,524,23,2,1,523,1,520,0.0,1000,95.99
tr|Q8XE85|Q8XE85_ECO57,EFM2178974.1,94.656,524,23,2,1,523,1,520,0.0,1000,96.18
tr|Q8XE85|Q8XE85_ECO57,EFE0299221.1,94.656,524,23,2,1,523,1,520,0.0,1000,95.99
tr|Q8XE85|Q8XE85_ECO57,EED1201117.1,94.656,524,23,2,1,523,1,520,0.0,1000,96.18
tr|Q8XE85|Q8XE85_ECO57,HAW1075628.1,94.466,524,24,2,1,523,1,520,0.0,999,95.99
tr|Q8XE85|Q8XE85_ECO57,EJF7948174.1,94.656,524,23,2,1,523,1,520,0.0,999,95.99
tr|Q8XE85|Q8XE85_ECO57,EFF14226.1,93.117,523,36,0,1,523,1,523,0.0,999,95.98
tr|Q8XE85|Q8XE85_ECO57,ENB3893055.1,94.656,524,23,2,1,523,1,520,0.0,999,95.99
tr|Q8XE85|Q8XE85_ECO57,HAX9729515.1,94.656,524,23,2,1,523,1,520,0.0,999,95.99
tr|Q8XE85|Q8XE85_ECO57,EGQ7353289.1,94.656,524,23,2,1,523,1,520,0.0,999,95.99
tr|Q8XE85|Q8XE85_ECO57,END4320137.1,94.656,524,23,2,1,523,1,520,0.0,999,96.18
tr|Q8XE85|Q8XE85_ECO57,MFV2395557.1,94.656,524,23,2,1,523,1,520,0.0,999,95.99
tr|Q8XE85|Q8XE85_ECO57,EPD8477840.1,94.656,524,23,2,1,523,1,520,0.0,999,95.99
tr|Q8XE85|Q8XE85_ECO57,EFL7805401.1,94.656,524,23,2,1,523,1,520,0.0,999,95.99
tr|Q8XE85|Q8XE85_ECO57,ENB3534487.1,94.656,524,23,2,1,523,1,520,0.0,999,96.18
tr|Q8XE85|Q8XE85_ECO57,HFF1798591.1,94.656,524,23,2,1,523,1,520,0.0,999,95.99
tr|Q8XE85|Q8XE85_ECO57,ENJ5807283.1,94.656,524,23,2,1,523,1,520,0.0,999,95.99
tr|Q8XE85|Q8XE85_ECO57,EHX2030553.1,94.466,524,24,2,1,523,1,520,0.0,999,95.99
tr|Q8XE85|Q8XE85_ECO57,EMC6813405.1,95.029,523,21,2,1,523,1,518,0.0,999,95.79
tr|Q8XE85|Q8XE85_ECO57,EJC0534694.1,94.656,524,23,2,1,523,1,520,0.0,999,96.37
tr|Q8XE85|Q8XE85_ECO57,ENQ7923880.1,94.466,524,24,2,1,523,1,520,0.0,998,95.99
tr|Q8XE85|Q8XE85_ECO57,AUX62840.1,94.877,527,23,1,1,523,1,527,0.0,998,95.83
tr|Q8XE85|Q8XE85_ECO57,EED0784416.1,94.466,524,24,2,1,523,1,520,0.0,998,95.99
tr|Q8XE85|Q8XE85_ECO57,ENA4643297.1,94.656,524,23,2,1,523,1,520,0.0,998,95.99
tr|Q8XE85|Q8XE85_ECO57,ENR4145650.1,94.466,524,24,2,1,523,1,520,0.0,998,95.99
tr|Q8XE85|Q8XE85_ECO57,EEX8414379.1,94.466,524,24,2,1,523,1,520,0.0,998,96.18
tr|Q8XE85|Q8XE85_ECO57,HAV9751466.1,94.466,524,24,2,1,523,1,520,0.0,998,95.99
tr|Q8XE85|Q8XE85_ECO57,MDI1006681.1,94.466,524,24,2,1,523,1,520,0.0,998,95.99
tr|Q8XE85|Q8XE85_ECO57,EHH6603440.1,94.466,524,24,2,1,523,1,520,0.0,998,95.99
tr|Q8XE85|Q8XE85_ECO57,UMS18956.1,94.275,524,25,2,1,523,1,520,0.0,998,95.99
tr|Q8XE85|Q8XE85_ECO57,MBN6126237.1,92.925,523,37,0,1,523,1,523,0.0,998,95.60
tr|Q8XE85|Q8XE85_ECO57,EFH3871650.1,93.702,524,32,1,1,523,1,524,0.0,997,95.61
tr|Q8XE85|Q8XE85_ECO57,EEW0396269.1,93.117,523,36,0,1,523,1,523,0.0,996,95.41
tr|Q8XE85|Q8XE85_ECO57,EGM7792188.1,94.837,523,22,2,1,523,1,518,0.0,996,95.60
tr|Q8XE85|Q8XE85_ECO57,HHV2959676.1,92.925,523,37,0,1,523,1,523,0.0,996,95.60
tr|Q8XE85|Q8XE85_ECO57,EKB3766884.1,92.734,523,38,0,1,523,1,523,0.0,995,95.60
tr|Q8XE85|Q8XE85_ECO57,MFQ3529755.1,92.925,523,37,0,1,523,1,523,0.0,995,95.41
tr|Q8XE85|Q8XE85_ECO57,EEZ6116554.1,92.925,523,37,0,1,523,1,523,0.0,995,95.41
tr|Q8XE85|Q8XE85_ECO57,HBC7695462.1,92.925,523,37,0,1,523,1,523,0.0,994,95.41
tr|Q8XE85|Q8XE85_ECO57,HCA4415117.1,92.925,523,37,0,1,523,1,523,0.0,994,95.41
tr|Q8XE85|Q8XE85_ECO57,HAL7741603.1,92.734,523,38,0,1,523,1,523,0.0,994,95.41
tr|Q8XE85|Q8XE85_ECO57,EHT4077270.1,92.734,523,38,0,1,523,1,523,0.0,994,95.41
tr|Q8XE85|Q8XE85_ECO57,EJT7521968.1,92.925,523,37,0,1,523,1,523,0.0,994,95.22
tr|Q8XE85|Q8XE85_ECO57,MDA6994002.1,92.925,523,37,0,1,523,1,523,0.0,994,95.22
tr|Q8XE85|Q8XE85_ECO57,MEX1741792.1,92.734,523,38,0,1,523,1,523,0.0,993,95.41
tr|Q8XE85|Q8XE85_ECO57,MBC0109740.1,92.734,523,38,0,1,523,1,523,0.0,993,95.22
tr|Q8XE85|Q8XE85_ECO57,EFL6530846.1,92.734,523,38,0,1,523,1,523,0.0,993,95.41
tr|Q8XE85|Q8XE85_ECO57,EPC9926944.1,92.734,523,38,0,1,523,1,523,0.0,993,95.22
tr|Q8XE85|Q8XE85_ECO57,HBA2848655.1,92.925,523,37,0,1,523,1,523,0.0,993,95.41
tr|Q8XE85|Q8XE85_ECO57,EON1950575.1,92.734,523,38,0,1,523,1,523,0.0,993,95.41
tr|Q8XE85|Q8XE85_ECO57,EKG0912189.1,92.734,523,38,0,1,523,1,523,0.0,993,95.41
tr|Q8XE85|Q8XE85_ECO57,EOJ4777086.1,92.734,523,38,0,1,523,1,523,0.0,993,95.41
tr|Q8XE85|Q8XE85_ECO57,MWK93095.1,94.646,523,23,2,1,523,1,518,0.0,993,95.60
tr|Q8XE85|Q8XE85_ECO57,OWE04080.1,92.734,523,38,0,1,523,1,523,0.0,993,95.41
tr|Q8XE85|Q8XE85_ECO57,WJV79391.1,92.734,523,38,0,1,523,1,523,0.0,993,95.41
tr|Q8XE85|Q8XE85_ECO57,MBB9717788.1,92.543,523,39,0,1,523,1,523,0.0,993,95.60
tr|Q8XE85|Q8XE85_ECO57,OOI77626.1,92.734,523,38,0,1,523,1,523,0.0,993,95.22
tr|Q8XE85|Q8XE85_ECO57,HCN5331688.1,94.877,527,23,1,1,523,1,527,0.0,993,96.02
tr|Q8XE85|Q8XE85_ECO57,EJV2027567.1,92.734,523,38,0,1,523,1,523,0.0,993,95.22
tr|Q8XE85|Q8XE85_ECO57,EFB1106921.1,92.543,523,39,0,1,523,1,523,0.0,993,95.41
tr|Q8XE85|Q8XE85_ECO57,EJM1487823.1,92.734,523,38,0,1,523,1,523,0.0,993,95.22
tr|Q8XE85|Q8XE85_ECO57,EOM1114946.1,92.734,523,38,0,1,523,1,523,0.0,993,95.22
tr|Q8XE85|Q8XE85_ECO57,EOZ6943769.1,92.543,523,39,0,1,523,1,523,0.0,992,95.22
tr|Q8XE85|Q8XE85_ECO57,EFI1438329.1,94.646,523,23,2,1,523,1,518,0.0,992,95.60
tr|Q8XE85|Q8XE85_ECO57,EFM7819858.1,92.925,523,37,0,1,523,1,523,0.0,992,95.22
tr|Q8XE85|Q8XE85_ECO57,EOL9333082.1,92.734,523,38,0,1,523,1,523,0.0,992,95.22
tr|Q8XE85|Q8XE85_ECO57,EFB7643401.1,92.352,523,40,0,1,523,1,523,0.0,992,95.22
tr|Q8XE85|Q8XE85_ECO57,OVA39950.1,99.793,484,1,0,1,484,1,484,0.0,992,100.00
tr|Q8XE85|Q8XE85_ECO57,EGI4481981.1,92.543,523,39,0,1,523,1,523,0.0,992,95.41
tr|Q8XE85|Q8XE85_ECO57,EIH3905699.1,92.543,523,39,0,1,523,1,523,0.0,992,95.22
tr|Q8XE85|Q8XE85_ECO57,ENB0929779.1,92.543,523,39,0,1,523,1,523,0.0,992,95.41
tr|Q8XE85|Q8XE85_ECO57,HCN3769647.1,92.543,523,39,0,1,523,1,523,0.0,992,95.41
tr|Q8XE85|Q8XE85_ECO57,HBE8326791.1,92.543,523,39,0,1,523,1,523,0.0,991,95.22
tr|Q8XE85|Q8XE85_ECO57,EKJ6345457.1,92.734,523,38,0,1,523,1,523,0.0,991,95.22
tr|Q8XE85|Q8XE85_ECO57,HBC9809122.1,94.264,523,25,2,1,523,1,518,0.0,991,95.41
tr|Q8XE85|Q8XE85_ECO57,EFR2520860.1,92.734,523,38,0,1,523,1,523,0.0,991,95.22
tr|Q8XE85|Q8XE85_ECO57,MDY8265019.1,92.352,523,40,0,1,523,1,523,0.0,991,95.41
tr|Q8XE85|Q8XE85_ECO57,HFU7606037.1,92.734,523,38,0,1,523,1,523,0.0,991,95.22
tr|Q8XE85|Q8XE85_ECO57,HAX9818392.1,92.734,523,38,0,1,523,1,523,0.0,991,95.22
tr|Q8XE85|Q8XE85_ECO57,HBA6807711.1,92.352,523,40,0,1,523,1,523,0.0,991,95.22
tr|Q8XE85|Q8XE85_ECO57,PCM13530.1,92.352,523,40,0,1,523,1,523,0.0,991,95.41
tr|Q8XE85|Q8XE85_ECO57,EHK3782877.1,92.543,523,39,0,1,523,1,523,0.0,991,95.22
tr|Q8XE85|Q8XE85_ECO57,HAX7976977.1,92.734,523,38,0,1,523,1,523,0.0,991,95.22
tr|Q8XE85|Q8XE85_ECO57,EIY5738556.1,92.352,523,40,0,1,523,1,523,0.0,991,95.41
tr|Q8XE85|Q8XE85_ECO57,HGY6597776.1,92.734,523,38,0,1,523,1,523,0.0,991,95.22
tr|Q8XE85|Q8XE85_ECO57,MEE6931944.1,92.352,523,40,0,1,523,1,523,0.0,991,95.41
tr|Q8XE85|Q8XE85_ECO57,EIM8660078.1,92.352,523,40,0,1,523,1,523,0.0,991,95.22
tr|Q8XE85|Q8XE85_ECO57,EHL6036272.1,92.352,523,40,0,1,523,1,523,0.0,991,95.22
tr|Q8XE85|Q8XE85_ECO57,ELN3552222.1,92.352,523,40,0,1,523,1,523,0.0,991,95.41
tr|Q8XE85|Q8XE85_ECO57,EGI42311.1,92.352,523,40,0,1,523,1,523,0.0,991,95.22
tr|Q8XE85|Q8XE85_ECO57,EIH0691478.1,92.352,523,40,0,1,523,1,523,0.0,990,95.22
tr|Q8XE85|Q8XE85_ECO57,EKI4181309.1,92.543,523,39,0,1,523,1,523,0.0,990,95.03
tr|Q8XE85|Q8XE85_ECO57,EIG9716691.1,99.588,485,2,0,1,485,1,485,0.0,990,99.59
tr|Q8XE85|Q8XE85_ECO57,EFM2095815.1,92.352,523,40,0,1,523,1,523,0.0,990,95.22
tr|Q8XE85|Q8XE85_ECO57,HBJ0583933.1,92.734,523,38,0,1,523,1,523,0.0,990,95.22
tr|Q8XE85|Q8XE85_ECO57,EEC8559781.1,92.352,523,40,0,1,523,1,523,0.0,990,95.22
tr|Q8XE85|Q8XE85_ECO57,EJC5091199.1,94.687,527,24,1,1,523,1,527,0.0,990,95.83
tr|Q8XE85|Q8XE85_ECO57,EOC7002929.1,92.352,523,40,0,1,523,1,523,0.0,990,95.22
tr|Q8XE85|Q8XE85_ECO57,NJQ66715.1,92.543,523,39,0,1,523,1,523,0.0,990,95.03
tr|Q8XE85|Q8XE85_ECO57,MDR5993233.1,92.352,523,40,0,1,523,1,523,0.0,989,95.22
tr|Q8XE85|Q8XE85_ECO57,EEZ5922741.1,92.352,523,40,0,1,523,1,523,0.0,989,95.22
tr|Q8XE85|Q8XE85_ECO57,EPD2257313.1,92.734,523,38,0,1,523,1,523,0.0,989,95.03
tr|Q8XE85|Q8XE85_ECO57,EIH0336217.1,92.571,525,37,1,1,523,1,525,0.0,989,94.86
tr|Q8XE85|Q8XE85_ECO57,EFN7627776.1,92.352,523,40,0,1,523,1,523,0.0,989,95.22
tr|Q8XE85|Q8XE85_ECO57,HEI2560564.1,92.352,523,40,0,1,523,1,523,0.0,989,95.41
tr|Q8XE85|Q8XE85_ECO57,HBA6817457.1,92.161,523,41,0,1,523,1,523,0.0,989,95.22
tr|Q8XE85|Q8XE85_ECO57,EFB2390943.1,92.352,523,40,0,1,523,1,523,0.0,989,95.41
tr|Q8XE85|Q8XE85_ECO57,EEZ5724369.1,92.161,523,41,0,1,523,1,523,0.0,989,95.22
tr|Q8XE85|Q8XE85_ECO57,HEA1021586.1,92.161,523,41,0,1,523,1,523,0.0,989,95.22
tr|Q8XE85|Q8XE85_ECO57,MGI1405685.1,92.161,523,41,0,1,523,1,523,0.0,989,95.22
tr|Q8XE85|Q8XE85_ECO57,HFV8724395.1,92.220,527,37,1,1,523,1,527,0.0,989,94.50
tr|Q8XE85|Q8XE85_ECO57,MCN7633776.1,92.161,523,41,0,1,523,1,523,0.0,989,95.22
tr|Q8XE85|Q8XE85_ECO57,HEG2007076.1,92.161,523,41,0,1,523,1,523,0.0,989,95.22
tr|Q8XE85|Q8XE85_ECO57,WEP39632.1,92.352,523,40,0,1,523,1,523,0.0,989,95.22
tr|Q8XE85|Q8XE85_ECO57,EFE1126691.1,92.161,523,41,0,1,523,1,523,0.0,989,95.22
tr|Q8XE85|Q8XE85_ECO57,EFK7611955.1,92.352,523,40,0,1,523,1,523,0.0,989,95.22
tr|Q8XE85|Q8XE85_ECO57,EGP9737411.1,92.161,523,41,0,1,523,1,523,0.0,989,95.03
tr|Q8XE85|Q8XE85_ECO57,EHZ8235907.1,92.161,523,41,0,1,523,1,523,0.0,989,95.03
tr|Q8XE85|Q8XE85_ECO57,EHI0299681.1,92.161,523,41,0,1,523,1,523,0.0,988,95.22
tr|Q8XE85|Q8XE85_ECO57,HAH9747351.1,92.161,523,41,0,1,523,1,523,0.0,988,95.03
tr|Q8XE85|Q8XE85_ECO57,MDV5325680.1,92.161,523,41,0,1,523,1,523,0.0,988,95.22
tr|Q8XE85|Q8XE85_ECO57,MBL4138812.1,92.161,523,41,0,1,523,1,523,0.0,988,95.22
tr|Q8XE85|Q8XE85_ECO57,EPP0307102.1,92.161,523,41,0,1,523,1,523,0.0,988,95.03
tr|Q8XE85|Q8XE85_ECO57,EEW4813662.1,92.220,527,37,1,1,523,1,527,0.0,988,94.69
tr|Q8XE85|Q8XE85_ECO57,AKK47051.1,92.161,523,41,0,1,523,1,523,0.0,988,95.03
tr|Q8XE85|Q8XE85_ECO57,HBK1152428.1,92.161,523,41,0,1,523,1,523,0.0,988,95.03
tr|Q8XE85|Q8XE85_ECO57,MDF0890378.1,91.969,523,42,0,1,523,1,523,0.0,988,95.22
tr|Q8XE85|Q8XE85_ECO57,EER9475260.1,92.352,523,40,0,1,523,1,523,0.0,988,95.03
tr|Q8XE85|Q8XE85_ECO57,EFC6683368.1,92.543,523,39,0,1,523,1,523,0.0,988,95.03
tr|Q8XE85|Q8XE85_ECO57,EJK5538413.1,92.161,523,41,0,1,523,1,523,0.0,988,95.22
tr|Q8XE85|Q8XE85_ECO57,HCU5580841.1,92.161,523,41,0,1,523,1,523,0.0,988,95.03
tr|Q8XE85|Q8XE85_ECO57,EQO03006.1,92.161,523,41,0,1,523,1,523,0.0,988,95.22
tr|Q8XE85|Q8XE85_ECO57,HBE3120399.1,92.161,523,41,0,1,523,1,523,0.0,988,95.22
tr|Q8XE85|Q8XE85_ECO57,ELE45690.1,92.161,523,41,0,1,523,1,523,0.0,988,95.03
tr|Q8XE85|Q8XE85_ECO57,HDJ7933742.1,91.969,523,42,0,1,523,1,523,0.0,988,95.03
tr|Q8XE85|Q8XE85_ECO57,XMR20016.1,92.161,523,41,0,1,523,1,523,0.0,988,95.03
tr|Q8XE85|Q8XE85_ECO57,MGR4469737.1,92.161,523,41,0,1,523,1,523,0.0,988,95.03
tr|Q8XE85|Q8XE85_ECO57,TGH01209.1,92.161,523,41,0,1,523,1,523,0.0,988,95.22
tr|Q8XE85|Q8XE85_ECO57,EED0143857.1,92.161,523,41,0,1,523,1,523,0.0,988,95.22
tr|Q8XE85|Q8XE85_ECO57,EEZ5753003.1,92.161,523,41,0,1,523,1,523,0.0,988,95.22
tr|Q8XE85|Q8XE85_ECO57,HFU8449904.1,92.381,525,38,1,1,523,1,525,0.0,988,94.67
tr|Q8XE85|Q8XE85_ECO57,HAH9781167.1,94.275,524,24,3,1,523,1,519,0.0,988,95.42
tr|Q8XE85|Q8XE85_ECO57,ESK42271.1,92.161,523,41,0,1,523,1,523,0.0,988,95.03
tr|Q8XE85|Q8XE85_ECO57,HCU3941255.1,92.161,523,41,0,1,523,1,523,0.0,988,95.22
tr|Q8XE85|Q8XE85_ECO57,EOM1233398.1,92.161,523,41,0,1,523,1,523,0.0,988,95.03
tr|Q8XE85|Q8XE85_ECO57,HCN3179570.1,91.969,523,42,0,1,523,1,523,0.0,988,95.03
tr|Q8XE85|Q8XE85_ECO57,HHK9027085.1,91.969,523,42,0,1,523,1,523,0.0,987,95.22
tr|Q8XE85|Q8XE85_ECO57,EES1698954.1,92.161,523,41,0,1,523,1,523,0.0,987,95.03
tr|Q8XE85|Q8XE85_ECO57,HCP3362026.1,92.381,525,38,1,1,523,1,525,0.0,987,94.67
tr|Q8XE85|Q8XE85_ECO57,HDS8435838.1,92.161,523,41,0,1,523,1,523,0.0,987,95.22
tr|Q8XE85|Q8XE85_ECO57,HHX0735840.1,92.161,523,41,0,1,523,1,523,0.0,987,95.22
tr|Q8XE85|Q8XE85_ECO57,EHW1637599.1,92.161,523,41,0,1,523,1,523,0.0,987,95.22
tr|Q8XE85|Q8XE85_ECO57,HFE3566172.1,92.381,525,38,1,1,523,1,525,0.0,987,94.67
tr|Q8XE85|Q8XE85_ECO57,EFM6015040.1,92.161,523,41,0,1,523,1,523,0.0,987,95.03
tr|Q8XE85|Q8XE85_ECO57,EOJ5214558.1,92.161,523,41,0,1,523,1,523,0.0,987,95.22
tr|Q8XE85|Q8XE85_ECO57,EEV5532189.1,92.161,523,41,0,1,523,1,523,0.0,987,95.03
tr|Q8XE85|Q8XE85_ECO57,EFI6377046.1,93.690,523,28,2,1,523,1,518,0.0,987,95.22
tr|Q8XE85|Q8XE85_ECO57,HFV7062047.1,92.381,525,38,1,1,523,1,525,0.0,987,94.67
tr|Q8XE85|Q8XE85_ECO57,EIX1905389.1,91.969,523,42,0,1,523,1,523,0.0,987,95.22
tr|Q8XE85|Q8XE85_ECO57,ENC8488704.1,92.161,523,41,0,1,523,1,523,0.0,987,95.22
tr|Q8XE85|Q8XE85_ECO57,HGX8723452.1,91.969,523,42,0,1,523,1,523,0.0,987,95.03
tr|Q8XE85|Q8XE85_ECO57,BGP96669.1,91.969,523,42,0,1,523,1,523,0.0,987,95.03
tr|Q8XE85|Q8XE85_ECO57,HDO7309107.1,92.161,523,41,0,1,523,1,523,0.0,987,95.22
tr|Q8XE85|Q8XE85_ECO57,EIY6939828.1,92.161,523,41,0,1,523,1,523,0.0,987,95.03
tr|Q8XE85|Q8XE85_ECO57,EFJ2341791.1,92.161,523,41,0,1,523,1,523,0.0,987,95.03
tr|Q8XE85|Q8XE85_ECO57,EFN8406936.1,91.969,523,42,0,1,523,1,523,0.0,987,95.03
tr|Q8XE85|Q8XE85_ECO57,MFU1155486.1,92.161,523,41,0,1,523,1,523,0.0,987,95.03
tr|Q8XE85|Q8XE85_ECO57,EPQ6962294.1,92.161,523,41,0,1,523,1,523,0.0,987,95.03
tr|Q8XE85|Q8XE85_ECO57,STK70210.1,92.161,523,41,0,1,523,1,523,0.0,987,95.03
tr|Q8XE85|Q8XE85_ECO57,EFA4871237.1,91.969,523,42,0,1,523,1,523,0.0,987,95.41
tr|Q8XE85|Q8XE85_ECO57,EKK9164328.1,91.969,523,42,0,1,523,1,523,0.0,987,95.22
tr|Q8XE85|Q8XE85_ECO57,HHP0237635.1,91.969,523,42,0,1,523,1,523,0.0,987,95.22
tr|Q8XE85|Q8XE85_ECO57,APT63747.1,92.161,523,41,0,1,523,1,523,0.0,987,95.22
tr|Q8XE85|Q8XE85_ECO57,MDT9174569.1,92.161,523,41,0,1,523,1,523,0.0,987,95.03
tr|Q8XE85|Q8XE85_ECO57,HHG9671837.1,92.161,523,41,0,1,523,1,523,0.0,986,95.03
tr|Q8XE85|Q8XE85_ECO57,EEZ7062986.1,92.161,523,41,0,1,523,1,523,0.0,986,95.03
tr|Q8XE85|Q8XE85_ECO57,CAD5546864.1,91.969,523,42,0,1,523,1,523,0.0,986,95.03
tr|Q8XE85|Q8XE85_ECO57,HDW3447298.1,92.161,523,41,0,1,523,1,523,0.0,986,95.03
tr|Q8XE85|Q8XE85_ECO57,EFA4030250.1,92.543,523,39,0,1,523,1,523,0.0,986,94.84
tr|Q8XE85|Q8XE85_ECO57,HAW4136467.1,91.969,523,42,0,1,523,1,523,0.0,986,95.03
tr|Q8XE85|Q8XE85_ECO57,MCO1039611.1,92.161,523,41,0,1,523,1,523,0.0,986,95.03
tr|Q8XE85|Q8XE85_ECO57,HDY1266568.1,92.161,523,41,0,1,523,1,523,0.0,986,95.03
tr|Q8XE85|Q8XE85_ECO57,EFE3928608.1,91.969,523,42,0,1,523,1,523,0.0,986,95.03
tr|Q8XE85|Q8XE85_ECO57,EOZ9605397.1,91.969,523,42,0,1,523,1,523,0.0,986,95.22
tr|Q8XE85|Q8XE85_ECO57,EKS1642463.1,91.969,523,42,0,1,523,1,523,0.0,986,95.22
tr|Q8XE85|Q8XE85_ECO57,EFC1659417.1,91.969,523,42,0,1,523,1,523,0.0,986,95.03
tr|Q8XE85|Q8XE85_ECO57,EEW2548427.1,91.969,523,42,0,1,523,1,523,0.0,986,95.03
tr|Q8XE85|Q8XE85_ECO57,OYL32947.1,92.161,523,41,0,1,523,1,523,0.0,986,95.03
tr|Q8XE85|Q8XE85_ECO57,HAH1952845.1,92.161,523,41,0,1,523,1,523,0.0,986,95.03
tr|Q8XE85|Q8XE85_ECO57,HCP1133258.1,92.161,523,41,0,1,523,1,523,0.0,986,95.03
tr|Q8XE85|Q8XE85_ECO57,AXO85837.1,93.881,523,27,2,1,523,1,518,0.0,986,94.84
tr|Q8XE85|Q8XE85_ECO57,EHR8213583.1,91.778,523,43,0,1,523,1,523,0.0,986,94.84
tr|Q8XE85|Q8XE85_ECO57,HAX9834075.1,91.969,523,42,0,1,523,1,523,0.0,986,95.03
tr|Q8XE85|Q8XE85_ECO57,MCX1772911.1,91.969,523,42,0,1,523,1,523,0.0,986,95.03
tr|Q8XE85|Q8XE85_ECO57,EPE0661613.1,91.969,523,42,0,1,523,1,523,0.0,986,95.03
tr|Q8XE85|Q8XE85_ECO57,HAI0077179.1,91.841,527,39,1,1,523,1,527,0.0,986,94.69
tr|Q8XE85|Q8XE85_ECO57,MFL4150022.1,91.969,523,42,0,1,523,1,523,0.0,986,95.22
tr|Q8XE85|Q8XE85_ECO57,MDO2627862.1,92.161,523,41,0,1,523,1,523,0.0,986,95.03
tr|Q8XE85|Q8XE85_ECO57,EOL9163138.1,91.969,523,42,0,1,523,1,523,0.0,986,95.03
tr|Q8XE85|Q8XE85_ECO57,MHV93627.1,91.969,523,42,0,1,523,1,523,0.0,986,95.03
tr|Q8XE85|Q8XE85_ECO57,MCA7434412.1,91.969,523,42,0,1,523,1,523,0.0,986,95.22
tr|Q8XE85|Q8XE85_ECO57,HAH3585647.1,91.778,523,43,0,1,523,1,523,0.0,986,95.03
tr|Q8XE85|Q8XE85_ECO57,KNA40961.1,91.651,527,40,1,1,523,1,527,0.0,986,94.69
tr|Q8XE85|Q8XE85_ECO57,HAX5198247.1,91.969,523,42,0,1,523,1,523,0.0,986,95.03
tr|Q8XE85|Q8XE85_ECO57,EFA8785338.1,91.969,523,42,0,1,523,1,523,0.0,986,94.84
tr|Q8XE85|Q8XE85_ECO57,ENG4065978.1,92.161,523,41,0,1,523,1,523,0.0,986,95.03
tr|Q8XE85|Q8XE85_ECO57,MDW4705267.1,92.161,523,41,0,1,523,1,523,0.0,986,95.03
tr|Q8XE85|Q8XE85_ECO57,MCI6777043.1,92.161,523,41,0,1,523,1,523,0.0,986,95.03
tr|Q8XE85|Q8XE85_ECO57,MEE7022378.1,92.161,523,41,0,1,523,1,523,0.0,986,95.03
tr|Q8XE85|Q8XE85_ECO57,MGR6463909.1,91.969,523,42,0,1,523,1,523,0.0,986,95.03
tr|Q8XE85|Q8XE85_ECO57,EFN1802903.1,91.778,523,43,0,1,523,1,523,0.0,986,95.03
tr|Q8XE85|Q8XE85_ECO57,HGF4408303.1,91.969,523,42,0,1,523,1,523,0.0,986,95.03
tr|Q8XE85|Q8XE85_ECO57,MGN2545252.1,91.778,523,43,0,1,523,1,523,0.0,986,95.03
tr|Q8XE85|Q8XE85_ECO57,EPE6652736.1,91.969,523,42,0,1,523,1,523,0.0,986,94.84
tr|Q8XE85|Q8XE85_ECO57,EIH9704246.1,91.969,523,42,0,1,523,1,523,0.0,986,95.22
tr|Q8XE85|Q8XE85_ECO57,XSU21182.1,91.969,523,42,0,1,523,1,523,0.0,985,95.03
tr|Q8XE85|Q8XE85_ECO57,KEJ18505.1,91.778,523,43,0,1,523,1,523,0.0,985,95.03
tr|Q8XE85|Q8XE85_ECO57,HAL6270190.1,91.969,523,42,0,1,523,1,523,0.0,985,95.03
tr|Q8XE85|Q8XE85_ECO57,HDX2760353.1,92.161,523,41,0,1,523,1,523,0.0,985,95.03
tr|Q8XE85|Q8XE85_ECO57,EJO3043656.1,91.969,523,42,0,1,523,1,523,0.0,985,95.03
tr|Q8XE85|Q8XE85_ECO57,EMC8919671.1,91.969,523,42,0,1,523,1,523,0.0,985,95.03
tr|Q8XE85|Q8XE85_ECO57,HDX2489745.1,92.161,523,41,0,1,523,1,523,0.0,985,95.03
tr|Q8XE85|Q8XE85_ECO57,HCE0947035.1,91.969,523,42,0,1,523,1,523,0.0,985,95.03
tr|Q8XE85|Q8XE85_ECO57,EFN3800806.1,91.969,523,42,0,1,523,1,523,0.0,985,95.03
tr|Q8XE85|Q8XE85_ECO57,MGM7043699.1,91.969,523,42,0,1,523,1,523,0.0,985,94.84
tr|Q8XE85|Q8XE85_ECO57,HAY0049309.1,91.969,523,42,0,1,523,1,523,0.0,985,95.03
tr|Q8XE85|Q8XE85_ECO57,HFU2224691.1,91.969,523,42,0,1,523,1,523,0.0,985,95.03
tr|Q8XE85|Q8XE85_ECO57,MCW7092662.1,91.778,523,43,0,1,523,1,523,0.0,985,95.03
tr|Q8XE85|Q8XE85_ECO57,HBA6837273.1,91.778,523,43,0,1,523,1,523,0.0,985,95.03
tr|Q8XE85|Q8XE85_ECO57,HBA7565352.1,91.969,523,42,0,1,523,1,523,0.0,985,95.03
tr|Q8XE85|Q8XE85_ECO57,KAB2831608.1,94.084,524,25,3,1,523,1,519,0.0,985,95.23
tr|Q8XE85|Q8XE85_ECO57,ELK6218509.1,91.969,523,42,0,1,523,1,523,0.0,985,94.84
tr|Q8XE85|Q8XE85_ECO57,HAO0648355.1,91.778,523,43,0,1,523,1,523,0.0,985,95.03
tr|Q8XE85|Q8XE85_ECO57,MBE0865943.1,91.778,523,43,0,1,523,1,523,0.0,985,95.03
tr|Q8XE85|Q8XE85_ECO57,CDK48491.1,91.778,523,43,0,1,523,1,523,0.0,985,95.03
tr|Q8XE85|Q8XE85_ECO57,HCS5034484.1,92.352,523,40,0,1,523,1,523,0.0,985,94.84
tr|Q8XE85|Q8XE85_ECO57,HCO6060257.1,91.778,523,43,0,1,523,1,523,0.0,985,95.03
tr|Q8XE85|Q8XE85_ECO57,HFV0893352.1,91.778,523,43,0,1,523,1,523,0.0,985,95.03
tr|Q8XE85|Q8XE85_ECO57,HDW3739842.1,91.778,523,43,0,1,523,1,523,0.0,985,95.03
tr|Q8XE85|Q8XE85_ECO57,ENB3079612.1,92.161,523,41,0,1,523,1,523,0.0,985,94.84
tr|Q8XE85|Q8XE85_ECO57,MBP2905043.1,91.969,523,42,0,1,523,1,523,0.0,985,94.84
tr|Q8XE85|Q8XE85_ECO57,HED1323160.1,91.969,523,42,0,1,523,1,523,0.0,985,95.03
tr|Q8XE85|Q8XE85_ECO57,EHY3341234.1,91.985,524,41,1,1,523,1,524,0.0,985,95.04
tr|Q8XE85|Q8XE85_ECO57,HAJ3352852.1,91.778,523,43,0,1,523,1,523,0.0,985,95.03
tr|Q8XE85|Q8XE85_ECO57,ELU7104139.1,91.778,523,43,0,1,523,1,523,0.0,985,95.03
tr|Q8XE85|Q8XE85_ECO57,EFJ9774802.1,91.969,523,42,0,1,523,1,523,0.0,985,95.03
tr|Q8XE85|Q8XE85_ECO57,EIQ0687434.1,91.969,523,42,0,1,523,1,523,0.0,985,94.84
tr|Q8XE85|Q8XE85_ECO57,HFI6448768.1,91.778,523,43,0,1,523,1,523,0.0,985,95.03
tr|Q8XE85|Q8XE85_ECO57,EFA4797329.1,94.264,523,21,3,1,523,1,514,0.0,985,95.60
tr|Q8XE85|Q8XE85_ECO57,OWD90245.1,92.000,525,40,1,1,523,1,525,0.0,985,94.86
tr|Q8XE85|Q8XE85_ECO57,MCV8746970.1,91.778,523,43,0,1,523,1,523,0.0,985,95.03
tr|Q8XE85|Q8XE85_ECO57,EPB1306685.1,91.778,523,43,0,1,523,1,523,0.0,985,95.03
tr|Q8XE85|Q8XE85_ECO57,HAJ0691403.1,91.778,523,43,0,1,523,1,523,0.0,985,95.03
tr|Q8XE85|Q8XE85_ECO57,NVL79157.1,91.969,523,42,0,1,523,1,523,0.0,985,94.84
tr|Q8XE85|Q8XE85_ECO57,EOA4844024.1,92.161,523,41,0,1,523,1,523,0.0,985,94.84
tr|Q8XE85|Q8XE85_ECO57,MFA2483145.1,91.778,523,43,0,1,523,1,523,0.0,985,94.84
tr|Q8XE85|Q8XE85_ECO57,HBM8342914.1,91.778,523,43,0,1,523,1,523,0.0,985,95.03
tr|Q8XE85|Q8XE85_ECO57,HFP2356377.1,91.778,523,43,0,1,523,1,523,0.0,985,94.84
tr|Q8XE85|Q8XE85_ECO57,EJB9960846.1,91.778,523,43,0,1,523,1,523,0.0,985,95.03
tr|Q8XE85|Q8XE85_ECO57,HGX9449557.1,91.778,523,43,0,1,523,1,523,0.0,985,95.03
tr|Q8XE85|Q8XE85_ECO57,EPA8525738.1,91.778,523,43,0,1,523,1,523,0.0,985,94.84
tr|Q8XE85|Q8XE85_ECO57,MDO2761857.1,91.778,523,43,0,1,523,1,523,0.0,985,95.03
tr|Q8XE85|Q8XE85_ECO57,EMZ3584247.1,91.969,523,42,0,1,523,1,523,0.0,985,95.03
tr|Q8XE85|Q8XE85_ECO57,EOZ9968920.1,91.778,523,43,0,1,523,1,523,0.0,984,94.84
tr|Q8XE85|Q8XE85_ECO57,MDS1098813.1,91.778,523,43,0,1,523,1,523,0.0,984,95.03
tr|Q8XE85|Q8XE85_ECO57,EPA6845440.1,91.778,523,43,0,1,523,1,523,0.0,984,94.84
tr|Q8XE85|Q8XE85_ECO57,OYJ40972.1,91.969,523,42,0,1,523,1,523,0.0,984,95.03
tr|Q8XE85|Q8XE85_ECO57,HGV4153018.1,91.969,523,42,0,1,523,1,523,0.0,984,95.03
tr|Q8XE85|Q8XE85_ECO57,WSN94500.1,91.778,523,43,0,1,523,1,523,0.0,984,94.84
tr|Q8XE85|Q8XE85_ECO57,HHU8913366.1,91.778,523,43,0,1,523,1,523,0.0,984,94.84
tr|Q8XE85|Q8XE85_ECO57,EHO7054255.1,91.778,523,43,0,1,523,1,523,0.0,984,94.84
tr|Q8XE85|Q8XE85_ECO57,EGH9952050.1,91.969,523,42,0,1,523,1,523,0.0,984,95.03
tr|Q8XE85|Q8XE85_ECO57,OWD82523.1,91.969,523,42,0,1,523,1,523,0.0,984,95.03
tr|Q8XE85|Q8XE85_ECO57,EFB2156872.1,91.778,523,43,0,1,523,1,523,0.0,984,95.03
tr|Q8XE85|Q8XE85_ECO57,ELH6278258.1,91.778,523,43,0,1,523,1,523,0.0,984,94.84
tr|Q8XE85|Q8XE85_ECO57,ELR6278350.1,91.778,523,43,0,1,523,1,523,0.0,984,95.03
tr|Q8XE85|Q8XE85_ECO57,HCT3900897.1,91.969,523,42,0,1,523,1,523,0.0,984,94.84
tr|Q8XE85|Q8XE85_ECO57,EKE2361181.1,91.969,523,42,0,1,523,1,523,0.0,984,94.84
tr|Q8XE85|Q8XE85_ECO57,EES3272530.1,92.161,523,41,0,1,523,1,523,0.0,984,94.84
tr|Q8XE85|Q8XE85_ECO57,HDK2561828.1,91.778,523,43,0,1,523,1,523,0.0,984,95.03
tr|Q8XE85|Q8XE85_ECO57,ELN1433799.1,91.778,523,43,0,1,523,1,523,0.0,984,95.03
tr|Q8XE85|Q8XE85_ECO57,EOU8306948.1,91.778,523,43,0,1,523,1,523,0.0,984,94.84
tr|Q8XE85|Q8XE85_ECO57,RRC48346.1,91.969,523,42,0,1,523,1,523,0.0,984,95.03
tr|Q8XE85|Q8XE85_ECO57,MCN1897300.1,91.969,523,42,0,1,523,1,523,0.0,984,95.03
tr|Q8XE85|Q8XE85_ECO57,EPC0045373.1,91.778,523,43,0,1,523,1,523,0.0,984,94.84
tr|Q8XE85|Q8XE85_ECO57,HGY7435821.1,91.778,523,43,0,1,523,1,523,0.0,984,95.03
tr|Q8XE85|Q8XE85_ECO57,EIN4963713.1,91.778,523,43,0,1,523,1,523,0.0,984,95.03
tr|Q8XE85|Q8XE85_ECO57,HGG1469298.1,90.841,535,37,1,1,523,1,535,0.0,984,93.27
tr|Q8XE85|Q8XE85_ECO57,HFU7826794.1,91.778,523,43,0,1,523,1,523,0.0,984,95.03
tr|Q8XE85|Q8XE85_ECO57,HCU4126080.1,91.969,523,42,0,1,523,1,523,0.0,984,94.84
tr|Q8XE85|Q8XE85_ECO57,EPO9129630.1,91.969,523,42,0,1,523,1,523,0.0,984,95.03
tr|Q8XE85|Q8XE85_ECO57,HFL9250622.1,91.969,523,42,0,1,523,1,523,0.0,984,95.03
tr|Q8XE85|Q8XE85_ECO57,HAL7795314.1,91.969,523,42,0,1,523,1,523,0.0,984,95.03
tr|Q8XE85|Q8XE85_ECO57,MCX3837512.1,91.778,523,43,0,1,523,1,523,0.0,984,95.03
tr|Q8XE85|Q8XE85_ECO57,EFF1835906.1,91.778,523,43,0,1,523,1,523,0.0,984,94.84
tr|Q8XE85|Q8XE85_ECO57,EFN5019150.1,91.778,523,43,0,1,523,1,523,0.0,984,95.03
tr|Q8XE85|Q8XE85_ECO57,MDO2573959.1,91.778,523,43,0,1,523,1,523,0.0,984,95.03
tr|Q8XE85|Q8XE85_ECO57,ELM1682423.1,91.778,523,43,0,1,523,1,523,0.0,984,95.03
tr|Q8XE85|Q8XE85_ECO57,HAX6647720.1,91.778,523,43,0,1,523,1,523,0.0,984,95.03
tr|Q8XE85|Q8XE85_ECO57,HAN7004811.1,91.778,523,43,0,1,523,1,523,0.0,984,94.84
tr|Q8XE85|Q8XE85_ECO57,WWW49432.1,91.969,523,42,0,1,523,1,523,0.0,984,95.03
tr|Q8XE85|Q8XE85_ECO57,PBR57063.1,91.778,523,43,0,1,523,1,523,0.0,984,95.03
tr|Q8XE85|Q8XE85_ECO57,HCL8742662.1,91.778,523,43,0,1,523,1,523,0.0,984,94.84
tr|Q8XE85|Q8XE85_ECO57,MBB9915424.1,91.969,523,42,0,1,523,1,523,0.0,984,94.84
tr|Q8XE85|Q8XE85_ECO57,EID9323328.1,91.778,523,43,0,1,523,1,523,0.0,984,95.03
tr|Q8XE85|Q8XE85_ECO57,ENN7599522.1,91.778,523,43,0,1,523,1,523,0.0,984,94.84
tr|Q8XE85|Q8XE85_ECO57,UGE77177.1,91.778,523,43,0,1,523,1,523,0.0,984,95.03
tr|Q8XE85|Q8XE85_ECO57,MCH6505390.1,91.969,523,42,0,1,523,1,523,0.0,984,94.84
tr|Q8XE85|Q8XE85_ECO57,HAW1345514.1,91.969,523,42,0,1,523,1,523,0.0,984,95.03
tr|Q8XE85|Q8XE85_ECO57,EOU7518086.1,91.969,523,42,0,1,523,1,523,0.0,984,95.03
tr|Q8XE85|Q8XE85_ECO57,EFG5871333.1,91.778,523,43,0,1,523,1,523,0.0,984,94.84
tr|Q8XE85|Q8XE85_ECO57,KEJ33431.1,92.146,522,41,0,2,523,1,522,0.0,984,95.02
tr|Q8XE85|Q8XE85_ECO57,HHI5845242.1,91.969,523,42,0,1,523,1,523,0.0,984,94.84
tr|Q8XE85|Q8XE85_ECO57,HCP9728845.1,91.969,523,42,0,1,523,1,523,0.0,984,94.84
tr|Q8XE85|Q8XE85_ECO57,HFS7092156.1,91.778,523,43,0,1,523,1,523,0.0,984,95.03
tr|Q8XE85|Q8XE85_ECO57,EIS9928920.1,91.778,523,43,0,1,523,1,523,0.0,984,94.84
tr|Q8XE85|Q8XE85_ECO57,NUN29026.1,91.778,523,43,0,1,523,1,523,0.0,984,94.84
tr|Q8XE85|Q8XE85_ECO57,EIQ0096863.1,91.778,523,43,0,1,523,1,523,0.0,984,95.03
tr|Q8XE85|Q8XE85_ECO57,MFJ5314492.1,91.778,523,43,0,1,523,1,523,0.0,984,95.03
tr|Q8XE85|Q8XE85_ECO57,MCN3758575.1,91.969,523,42,0,1,523,1,523,0.0,984,94.84
tr|Q8XE85|Q8XE85_ECO57,HGT4795398.1,91.778,523,43,0,1,523,1,523,0.0,984,94.84
tr|Q8XE85|Q8XE85_ECO57,EOO0226058.1,91.969,523,42,0,1,523,1,523,0.0,984,94.84
tr|Q8XE85|Q8XE85_ECO57,EPB9698333.1,91.778,523,43,0,1,523,1,523,0.0,984,95.03
tr|Q8XE85|Q8XE85_ECO57,ENC2453333.1,91.969,523,42,0,1,523,1,523,0.0,984,94.84
tr|Q8XE85|Q8XE85_ECO57,EEY5751883.1,91.778,523,43,0,1,523,1,523,0.0,984,94.84
tr|Q8XE85|Q8XE85_ECO57,XEB03659.1,91.969,523,42,0,1,523,1,523,0.0,984,95.03
tr|Q8XE85|Q8XE85_ECO57,EPI3491765.1,91.969,523,42,0,1,523,1,523,0.0,984,94.84
tr|Q8XE85|Q8XE85_ECO57,ELK5953927.1,91.969,523,42,0,1,523,1,523,0.0,984,94.84
tr|Q8XE85|Q8XE85_ECO57,HFF9313574.1,91.778,523,43,0,1,523,1,523,0.0,984,94.84
tr|Q8XE85|Q8XE85_ECO57,EHK5031545.1,91.778,523,43,0,1,523,1,523,0.0,984,94.84
tr|Q8XE85|Q8XE85_ECO57,QYD11135.1,91.969,523,42,0,1,523,1,523,0.0,984,94.84
tr|Q8XE85|Q8XE85_ECO57,HCP4302238.1,91.778,523,43,0,1,523,1,523,0.0,984,94.84
tr|Q8XE85|Q8XE85_ECO57,HAH6531587.1,91.778,523,43,0,1,523,1,523,0.0,984,94.84
tr|Q8XE85|Q8XE85_ECO57,HAW0817344.1,93.308,523,30,2,1,523,1,518,0.0,984,95.03
tr|Q8XE85|Q8XE85_ECO57,MCN9008120.1,91.778,523,43,0,1,523,1,523,0.0,984,94.84
tr|Q8XE85|Q8XE85_ECO57,HHL7482662.1,91.778,523,43,0,1,523,1,523,0.0,984,94.65
tr|Q8XE85|Q8XE85_ECO57,ELO7643928.1,91.778,523,43,0,1,523,1,523,0.0,984,94.84
tr|Q8XE85|Q8XE85_ECO57,HDT0428883.1,91.778,523,43,0,1,523,1,523,0.0,984,94.84
tr|Q8XE85|Q8XE85_ECO57,MDW9265673.1,94.286,525,26,2,1,523,1,523,0.0,984,96.00
tr|Q8XE85|Q8XE85_ECO57,HFU9158975.1,91.778,523,43,0,1,523,1,523,0.0,984,94.84
tr|Q8XE85|Q8XE85_ECO57,EMB0059132.1,91.778,523,43,0,1,523,1,523,0.0,984,94.84
tr|Q8XE85|Q8XE85_ECO57,HGC0494077.1,91.778,523,43,0,1,523,1,523,0.0,984,94.84
tr|Q8XE85|Q8XE85_ECO57,NPR06681.1,91.778,523,43,0,1,523,1,523,0.0,984,94.84
tr|Q8XE85|Q8XE85_ECO57,EIR8363274.1,91.969,523,42,0,1,523,1,523,0.0,984,94.84
tr|Q8XE85|Q8XE85_ECO57,ENN6792601.1,91.778,523,43,0,1,523,1,523,0.0,984,94.84
tr|Q8XE85|Q8XE85_ECO57,XJA90843.1,91.969,523,42,0,1,523,1,523,0.0,983,94.84
tr|Q8XE85|Q8XE85_ECO57,HGC2349394.1,91.778,523,43,0,1,523,1,523,0.0,983,94.84
tr|Q8XE85|Q8XE85_ECO57,HDW0945533.1,91.969,523,42,0,1,523,1,523,0.0,983,94.84
tr|Q8XE85|Q8XE85_ECO57,MEW3121504.1,91.587,523,44,0,1,523,1,523,0.0,983,94.84
tr|Q8XE85|Q8XE85_ECO57,MBL1016370.1,91.778,523,43,0,1,523,1,523,0.0,983,94.84
tr|Q8XE85|Q8XE85_ECO57,MBE2178280.1,91.778,523,43,0,1,523,1,523,0.0,983,94.84
tr|Q8XE85|Q8XE85_ECO57,MCL6971707.1,91.778,523,43,0,1,523,1,523,0.0,983,94.84
tr|Q8XE85|Q8XE85_ECO57,EEX5619890.1,91.969,523,42,0,1,523,1,523,0.0,983,94.84
tr|Q8XE85|Q8XE85_ECO57,ELN6814853.1,91.778,523,43,0,1,523,1,523,0.0,983,94.84
tr|Q8XE85|Q8XE85_ECO57,HBA6804875.1,91.969,523,42,0,1,523,1,523,0.0,983,95.03
tr|Q8XE85|Q8XE85_ECO57,EFE0740846.1,91.969,523,42,0,1,523,1,523,0.0,983,94.84
tr|Q8XE85|Q8XE85_ECO57,MGI1393220.1,91.778,523,43,0,1,523,1,523,0.0,983,94.84
tr|Q8XE85|Q8XE85_ECO57,ELN6834554.1,91.778,523,43,0,1,523,1,523,0.0,983,94.84
tr|Q8XE85|Q8XE85_ECO57,MBP2815742.1,91.778,523,43,0,1,523,1,523,0.0,983,94.84
tr|Q8XE85|Q8XE85_ECO57,EHK5028077.1,91.778,523,43,0,1,523,1,523,0.0,983,94.84
tr|Q8XE85|Q8XE85_ECO57,HBI2757039.1,91.969,523,42,0,1,523,1,523,0.0,983,94.84
tr|Q8XE85|Q8XE85_ECO57,EJD7554692.1,91.969,523,42,0,1,523,1,523,0.0,983,94.84
tr|Q8XE85|Q8XE85_ECO57,MFL9390176.1,91.778,523,43,0,1,523,1,523,0.0,983,94.84
tr|Q8XE85|Q8XE85_ECO57,EIF5988064.1,91.969,523,42,0,1,523,1,523,0.0,983,94.84
tr|Q8XE85|Q8XE85_ECO57,MDQ9261812.1,91.778,523,43,0,1,523,1,523,0.0,983,94.84
tr|Q8XE85|Q8XE85_ECO57,MFM1743567.1,91.969,523,42,0,1,523,1,523,0.0,983,94.84
tr|Q8XE85|Q8XE85_ECO57,MCG0052206.1,91.969,523,42,0,1,523,1,523,0.0,983,95.03
tr|Q8XE85|Q8XE85_ECO57,ENO0275015.1,91.778,523,43,0,1,523,1,523,0.0,983,94.84
tr|Q8XE85|Q8XE85_ECO57,HGX3612930.1,91.778,523,43,0,1,523,1,523,0.0,983,94.84
tr|Q8XE85|Q8XE85_ECO57,MFA2048618.1,91.778,523,43,0,1,523,1,523,0.0,983,94.84
tr|Q8XE85|Q8XE85_ECO57,HBC9869779.1,91.778,523,43,0,1,523,1,523,0.0,983,94.84
tr|Q8XE85|Q8XE85_ECO57,HAY4494059.1,91.969,523,42,0,1,523,1,523,0.0,983,94.84
tr|Q8XE85|Q8XE85_ECO57,HEI2701931.1,91.587,523,44,0,1,523,1,523,0.0,983,95.03
tr|Q8XE85|Q8XE85_ECO57,ENC8346336.1,91.587,523,44,0,1,523,1,523,0.0,983,95.03
tr|Q8XE85|Q8XE85_ECO57,EFN5976248.1,91.778,523,43,0,1,523,1,523,0.0,983,95.03
tr|Q8XE85|Q8XE85_ECO57,MGI1555603.1,91.778,523,43,0,1,523,1,523,0.0,983,94.84
tr|Q8XE85|Q8XE85_ECO57,MEE6792890.1,91.969,523,42,0,1,523,1,523,0.0,983,94.84
tr|Q8XE85|Q8XE85_ECO57,HGX3142695.1,91.778,523,43,0,1,523,1,523,0.0,983,94.84
tr|Q8XE85|Q8XE85_ECO57,HBK9204701.1,90.167,539,37,1,1,523,1,539,0.0,983,92.58
tr|Q8XE85|Q8XE85_ECO57,MCG4043765.1,91.969,523,42,0,1,523,1,523,0.0,983,94.84
tr|Q8XE85|Q8XE85_ECO57,HAI5855099.1,91.778,523,43,0,1,523,1,523,0.0,983,94.84
tr|Q8XE85|Q8XE85_ECO57,EOA8073922.1,91.778,523,43,0,1,523,1,523,0.0,983,94.84
tr|Q8XE85|Q8XE85_ECO57,EEY6113604.1,91.778,523,43,0,1,523,1,523,0.0,983,94.65
tr|Q8XE85|Q8XE85_ECO57,MEC6238129.1,92.352,523,36,1,1,523,1,519,0.0,983,94.84
tr|Q8XE85|Q8XE85_ECO57,HBB9917425.1,91.587,523,44,0,1,523,1,523,0.0,983,95.03
tr|Q8XE85|Q8XE85_ECO57,MBE0871552.1,91.587,523,44,0,1,523,1,523,0.0,983,95.03
tr|Q8XE85|Q8XE85_ECO57,MFP2010215.1,91.778,523,43,0,1,523,1,523,0.0,983,94.84
tr|Q8XE85|Q8XE85_ECO57,HFD0594729.1,92.352,523,36,1,1,523,1,519,0.0,983,95.03
tr|Q8XE85|Q8XE85_ECO57,WWW41870.1,91.778,523,43,0,1,523,1,523,0.0,983,95.03
tr|Q8XE85|Q8XE85_ECO57,HAY5124215.1,91.778,523,43,0,1,523,1,523,0.0,983,94.84
tr|Q8XE85|Q8XE85_ECO57,MCZ5302505.1,91.778,523,43,0,1,523,1,523,0.0,983,94.84
tr|Q8XE85|Q8XE85_ECO57,EOV6932050.1,91.778,523,43,0,1,523,1,523,0.0,983,94.84
tr|Q8XE85|Q8XE85_ECO57,HFN3468832.1,91.778,523,43,0,1,523,1,523,0.0,983,95.03
tr|Q8XE85|Q8XE85_ECO57,HBA5476963.1,91.778,523,43,0,1,523,1,523,0.0,983,94.84
tr|Q8XE85|Q8XE85_ECO57,EIW6226566.1,91.587,523,44,0,1,523,1,523,0.0,983,95.03
tr|Q8XE85|Q8XE85_ECO57,EQR36881.1,91.969,523,42,0,1,523,1,523,0.0,983,94.84
tr|Q8XE85|Q8XE85_ECO57,RXA05181.1,91.587,523,44,0,1,523,1,523,0.0,982,94.84
tr|Q8XE85|Q8XE85_ECO57,HEL8011496.1,91.985,524,41,1,1,523,1,524,0.0,982,95.04
tr|Q8XE85|Q8XE85_ECO57,ELA5749748.1,92.161,523,39,1,1,523,1,521,0.0,982,95.03
tr|Q8XE85|Q8XE85_ECO57,HHI5954464.1,91.778,523,43,0,1,523,1,523,0.0,982,95.03
tr|Q8XE85|Q8XE85_ECO57,GAB1675367.1,91.794,524,42,1,1,523,1,524,0.0,982,94.85
tr|Q8XE85|Q8XE85_ECO57,AHM42578.1,91.587,523,44,0,1,523,1,523,0.0,982,94.84
tr|Q8XE85|Q8XE85_ECO57,WWW89279.1,91.587,523,44,0,1,523,1,523,0.0,982,95.03
tr|Q8XE85|Q8XE85_ECO57,EJM1838077.1,92.366,524,39,1,1,523,1,524,0.0,982,94.66
tr|Q8XE85|Q8XE85_ECO57,STH86688.1,91.841,527,39,1,1,523,1,527,0.0,982,94.69
tr|Q8XE85|Q8XE85_ECO57,ENU0196137.1,91.969,523,42,0,1,523,1,523,0.0,982,94.84
tr|Q8XE85|Q8XE85_ECO57,ENY6979244.1,91.587,523,44,0,1,523,1,523,0.0,982,95.03
tr|Q8XE85|Q8XE85_ECO57,MEY1582465.1,91.969,523,42,0,1,523,1,523,0.0,982,94.84
tr|Q8XE85|Q8XE85_ECO57,HCI2384696.1,91.969,523,42,0,1,523,1,523,0.0,982,94.84
tr|Q8XE85|Q8XE85_ECO57,HAI6401651.1,91.461,527,41,1,1,523,1,527,0.0,982,94.69
tr|Q8XE85|Q8XE85_ECO57,HBD0150854.1,95.472,508,18,2,17,523,1,504,0.0,982,97.24
tr|Q8XE85|Q8XE85_ECO57,EIJ6731829.1,91.778,523,43,0,1,523,1,523,0.0,982,94.84
tr|Q8XE85|Q8XE85_ECO57,EFB3582439.1,91.461,527,41,1,1,523,1,527,0.0,982,94.50
tr|Q8XE85|Q8XE85_ECO57,EGD9129090.1,91.587,523,44,0,1,523,1,523,0.0,982,94.84
tr|Q8XE85|Q8XE85_ECO57,HBE3601028.1,91.778,523,43,0,1,523,1,523,0.0,982,94.65
tr|Q8XE85|Q8XE85_ECO57,HAM9849372.1,91.461,527,41,1,1,523,1,527,0.0,981,94.31
tr|Q8XE85|Q8XE85_ECO57,HDZ7274883.1,91.778,523,43,0,1,523,1,523,0.0,981,94.84
tr|Q8XE85|Q8XE85_ECO57,EFF06704.1,93.117,523,31,2,1,523,1,518,0.0,981,94.65
tr|Q8XE85|Q8XE85_ECO57,EEX5381269.1,91.587,523,44,0,1,523,1,523,0.0,981,95.03
tr|Q8XE85|Q8XE85_ECO57,EGF8263134.1,91.396,523,45,0,1,523,1,523,0.0,981,94.84
tr|Q8XE85|Q8XE85_ECO57,EET9628884.1,92.161,523,37,1,1,523,1,519,0.0,981,94.84
tr|Q8XE85|Q8XE85_ECO57,HFL1157676.1,91.396,523,45,0,1,523,1,523,0.0,981,94.84
tr|Q8XE85|Q8XE85_ECO57,HCP4598602.1,91.477,528,40,1,1,523,1,528,0.0,981,94.32
tr|Q8XE85|Q8XE85_ECO57,HHI5481081.1,91.587,523,44,0,1,523,1,523,0.0,981,94.65
tr|Q8XE85|Q8XE85_ECO57,MGA5904188.1,91.985,524,41,1,1,523,1,524,0.0,981,94.85
tr|Q8XE85|Q8XE85_ECO57,ENS3276909.1,91.271,527,42,1,1,523,1,527,0.0,981,94.50
tr|Q8XE85|Q8XE85_ECO57,EPM3633048.1,90.772,531,41,1,1,523,1,531,0.0,981,93.60
tr|Q8XE85|Q8XE85_ECO57,HAH9251258.1,91.271,527,42,1,1,523,1,527,0.0,980,94.31
tr|Q8XE85|Q8XE85_ECO57,EHT1093178.1,93.117,523,31,2,1,523,1,518,0.0,980,94.65
tr|Q8XE85|Q8XE85_ECO57,APJ57244.1,91.271,527,42,1,1,523,1,527,0.0,980,94.31
tr|Q8XE85|Q8XE85_ECO57,MBE0778367.1,91.778,523,43,0,1,523,1,523,0.0,979,94.65
tr|Q8XE85|Q8XE85_ECO57,HBE3002743.1,91.969,523,40,1,1,523,1,521,0.0,979,94.84
tr|Q8XE85|Q8XE85_ECO57,MGK3639364.1,91.923,520,42,0,4,523,1,520,0.0,979,95.00
tr|Q8XE85|Q8XE85_ECO57,EOO7764734.1,100.000,476,0,0,1,476,1,476,0.0,979,100.00
tr|Q8XE85|Q8XE85_ECO57,TZC44468.1,91.778,523,43,0,1,523,1,523,0.0,979,94.46
tr|Q8XE85|Q8XE85_ECO57,HDT7401829.1,95.842,505,16,2,20,523,1,501,0.0,979,97.43
tr|Q8XE85|Q8XE85_ECO57,HCP5163438.1,91.396,523,45,0,1,523,1,523,0.0,979,94.46
tr|Q8XE85|Q8XE85_ECO57,RDP70190.1,91.396,523,45,0,1,523,1,523,0.0,978,94.46
tr|Q8XE85|Q8XE85_ECO57,END8791983.1,99.790,477,1,0,1,477,1,477,0.0,978,99.79
tr|Q8XE85|Q8XE85_ECO57,MCM2848882.1,91.587,523,40,1,1,523,1,519,0.0,978,94.65
tr|Q8XE85|Q8XE85_ECO57,HAH0873081.1,95.644,505,17,2,20,523,1,501,0.0,976,97.23
tr|Q8XE85|Q8XE85_ECO57,ENE0040779.1,99.790,476,1,0,1,476,1,476,0.0,976,99.79
tr|Q8XE85|Q8XE85_ECO57,HGW4900886.1,89.907,535,42,1,1,523,1,535,0.0,976,92.90
tr|Q8XE85|Q8XE85_ECO57,EEU3016031.1,91.412,524,44,1,1,523,1,524,0.0,976,94.85
tr|Q8XE85|Q8XE85_ECO57,HBB8409156.1,91.587,523,40,1,1,523,1,519,0.0,976,94.46
tr|Q8XE85|Q8XE85_ECO57,KZH43774.1,91.908,519,42,0,5,523,1,519,0.0,976,94.99
tr|Q8XE85|Q8XE85_ECO57,HAY0110124.1,91.587,523,40,1,1,523,1,519,0.0,975,94.46
tr|Q8XE85|Q8XE85_ECO57,MFA2007778.1,91.396,523,41,1,1,523,1,519,0.0,975,94.46
tr|Q8XE85|Q8XE85_ECO57,EFE0528001.1,100.000,474,0,0,1,474,1,474,0.0,975,100.00
tr|Q8XE85|Q8XE85_ECO57,EIV9424731.1,92.734,523,38,0,1,523,1,523,0.0,974,95.22
tr|Q8XE85|Q8XE85_ECO57,SQP90993.1,91.587,523,40,1,1,523,1,519,0.0,974,94.46
tr|Q8XE85|Q8XE85_ECO57,HBA3752297.1,95.446,505,18,2,20,523,1,501,0.0,974,97.03
tr|Q8XE85|Q8XE85_ECO57,EFK1740932.1,92.352,523,35,2,1,523,1,518,0.0,973,94.26
tr|Q8XE85|Q8XE85_ECO57,HAM9816668.1,92.571,525,37,1,1,523,1,525,0.0,973,95.05
tr|Q8XE85|Q8XE85_ECO57,EFC3036163.1,92.543,523,34,2,1,523,1,518,0.0,973,94.07
tr|Q8XE85|Q8XE85_ECO57,END4680487.1,100.000,473,0,0,1,473,1,473,0.0,972,100.00
tr|Q8XE85|Q8XE85_ECO57,EFL0088243.1,91.396,523,41,1,1,523,1,519,0.0,972,94.26
tr|Q8XE85|Q8XE85_ECO57,ELQ7691731.1,91.205,523,42,1,1,523,1,519,0.0,972,94.26
tr|Q8XE85|Q8XE85_ECO57,HEB4897592.1,91.205,523,42,1,1,523,1,519,0.0,972,94.26
tr|Q8XE85|Q8XE85_ECO57,HAX4785037.1,91.969,523,37,2,1,523,1,518,0.0,972,94.65
tr|Q8XE85|Q8XE85_ECO57,EGI3990927.1,92.161,523,36,2,1,523,1,518,0.0,971,94.65
tr|Q8XE85|Q8XE85_ECO57,HDC1218850.1,100.000,472,0,0,1,472,1,472,0.0,971,100.00
tr|Q8XE85|Q8XE85_ECO57,EFJ1929530.1,90.822,523,44,1,1,523,1,519,0.0,971,94.26
tr|Q8XE85|Q8XE85_ECO57,MCT7436156.1,92.054,516,41,0,1,516,1,516,0.0,971,94.96
tr|Q8XE85|Q8XE85_ECO57,EEV3468471.1,91.205,523,42,1,1,523,1,519,0.0,971,94.26
tr|Q8XE85|Q8XE85_ECO57,EGP4638213.1,94.264,523,25,2,1,523,1,518,0.0,970,95.41
tr|Q8XE85|Q8XE85_ECO57,EFK6852318.1,91.013,523,43,1,1,523,1,519,0.0,969,94.26
tr|Q8XE85|Q8XE85_ECO57,EOQ3280413.1,100.000,471,0,0,1,471,1,471,0.0,969,100.00
tr|Q8XE85|Q8XE85_ECO57,EIH4672592.1,90.476,525,46,2,1,523,1,523,0.0,968,94.10
tr|Q8XE85|Q8XE85_ECO57,HFM3722575.1,91.013,523,43,1,1,523,1,519,0.0,968,94.07
tr|Q8XE85|Q8XE85_ECO57,MBY7176877.1,91.969,523,37,2,1,523,1,518,0.0,968,93.88
tr|Q8XE85|Q8XE85_ECO57,HAN6848669.1,91.013,523,43,1,1,523,1,519,0.0,968,94.07
tr|Q8XE85|Q8XE85_ECO57,MBC1087149.1,92.161,523,36,2,1,523,1,518,0.0,967,94.26
tr|Q8XE85|Q8XE85_ECO57,EPH7575850.1,92.220,527,37,1,1,523,1,527,0.0,966,94.69
tr|Q8XE85|Q8XE85_ECO57,EHA6966945.1,91.082,527,43,1,1,523,1,527,0.0,965,94.12
tr|Q8XE85|Q8XE85_ECO57,HHR0454690.1,91.271,527,42,1,1,523,1,527,0.0,965,94.12
tr|Q8XE85|Q8XE85_ECO57,HHK9241129.1,90.822,523,44,1,1,523,1,519,0.0,965,94.07
tr|Q8XE85|Q8XE85_ECO57,MBB9061957.1,91.778,523,38,2,1,523,1,518,0.0,965,94.07
tr|Q8XE85|Q8XE85_ECO57,HBB1443132.1,91.667,528,39,2,1,523,1,528,0.0,964,93.94
tr|Q8XE85|Q8XE85_ECO57,HFO9600068.1,94.653,505,22,2,1,504,1,501,0.0,964,96.04
tr|Q8XE85|Q8XE85_ECO57,END8781402.1,90.892,527,44,1,1,523,1,527,0.0,963,94.12
tr|Q8XE85|Q8XE85_ECO57,SPX06188.1,91.205,523,41,2,1,523,1,518,0.0,963,93.88
tr|Q8XE85|Q8XE85_ECO57,HBE5189001.1,90.631,523,45,1,1,523,1,519,0.0,962,93.88
tr|Q8XE85|Q8XE85_ECO57,MXI36642.1,91.396,523,40,2,1,523,1,518,0.0,962,94.26
tr|Q8XE85|Q8XE85_ECO57,MFA7962719.1,91.977,511,41,0,13,523,1,511,0.0,961,94.91
tr|Q8XE85|Q8XE85_ECO57,EHR8950330.1,91.013,523,42,2,1,523,1,518,0.0,961,93.69
tr|Q8XE85|Q8XE85_ECO57,EFS7176388.1,91.013,523,42,2,1,523,1,518,0.0,960,93.88
tr|Q8XE85|Q8XE85_ECO57,OVB53829.1,99.574,469,2,0,1,469,1,469,0.0,959,99.57
tr|Q8XE85|Q8XE85_ECO57,HBB1465758.1,91.013,523,22,1,1,523,1,498,0.0,959,92.35
tr|Q8XE85|Q8XE85_ECO57,MCY6929196.1,91.013,523,42,2,1,523,1,518,0.0,959,93.88
tr|Q8XE85|Q8XE85_ECO57,ENA0343435.1,91.013,523,42,2,1,523,1,518,0.0,959,93.69
tr|Q8XE85|Q8XE85_ECO57,EES4404931.1,91.013,523,42,2,1,523,1,518,0.0,959,93.88
tr|Q8XE85|Q8XE85_ECO57,MED9390755.1,91.013,523,42,2,1,523,1,518,0.0,958,94.07
tr|Q8XE85|Q8XE85_ECO57,EHK1666205.1,100.000,468,0,0,56,523,1,468,0.0,958,100.00
tr|Q8XE85|Q8XE85_ECO57,HBE3533987.1,91.013,523,42,2,1,523,1,518,0.0,958,93.88
tr|Q8XE85|Q8XE85_ECO57,EHD3361550.1,90.822,523,43,2,1,523,1,518,0.0,958,93.69
tr|Q8XE85|Q8XE85_ECO57,KAE9665684.1,90.822,523,43,2,1,523,1,518,0.0,958,93.69
tr|Q8XE85|Q8XE85_ECO57,EFK5491419.1,91.013,523,42,2,1,523,1,518,0.0,957,93.69
tr|Q8XE85|Q8XE85_ECO57,MED0552238.1,90.822,523,43,2,1,523,1,518,0.0,957,93.69
tr|Q8XE85|Q8XE85_ECO57,EGJ0174274.1,90.822,523,43,2,1,523,1,518,0.0,957,93.50
tr|Q8XE85|Q8XE85_ECO57,EPD7531381.1,90.822,523,43,2,1,523,1,518,0.0,957,93.69
tr|Q8XE85|Q8XE85_ECO57,EFH6290474.1,90.822,523,43,2,1,523,1,518,0.0,957,93.69
tr|Q8XE85|Q8XE85_ECO57,MBB9272976.1,90.631,523,44,2,1,523,1,518,0.0,957,93.69
tr|Q8XE85|Q8XE85_ECO57,MWL34313.1,90.822,523,43,2,1,523,1,518,0.0,957,93.50
tr|Q8XE85|Q8XE85_ECO57,QML40389.1,90.822,523,43,2,1,523,1,518,0.0,957,93.69
tr|Q8XE85|Q8XE85_ECO57,MCI7296858.1,90.822,523,43,2,1,523,1,518,0.0,956,93.69
tr|Q8XE85|Q8XE85_ECO57,MCJ3026059.1,90.822,523,43,2,1,523,1,518,0.0,956,93.69
tr|Q8XE85|Q8XE85_ECO57,HHU8069346.1,90.822,523,43,2,1,523,1,518,0.0,956,93.69
tr|Q8XE85|Q8XE85_ECO57,EQZ69586.1,90.822,523,43,2,1,523,1,518,0.0,956,93.50
tr|Q8XE85|Q8XE85_ECO57,EHC5815816.1,90.822,523,43,2,1,523,1,518,0.0,956,93.50
tr|Q8XE85|Q8XE85_ECO57,MCN2804378.1,90.822,523,43,2,1,523,1,518,0.0,956,93.69
tr|Q8XE85|Q8XE85_ECO57,HAX5090893.1,90.631,523,44,2,1,523,1,518,0.0,956,93.50
tr|Q8XE85|Q8XE85_ECO57,ELC8012551.1,90.822,523,43,2,1,523,1,518,0.0,956,93.50
tr|Q8XE85|Q8XE85_ECO57,HFN5092968.1,90.822,523,43,2,1,523,1,518,0.0,956,93.50
tr|Q8XE85|Q8XE85_ECO57,MFN0756804.1,90.822,523,43,2,1,523,1,518,0.0,955,93.50
tr|Q8XE85|Q8XE85_ECO57,HEC5187394.1,90.822,523,43,2,1,523,1,518,0.0,955,93.50
tr|Q8XE85|Q8XE85_ECO57,EJO6310126.1,100.000,464,0,0,1,464,1,464,0.0,955,100.00
tr|Q8XE85|Q8XE85_ECO57,EKR6416233.1,90.631,523,44,2,1,523,1,518,0.0,955,93.31
tr|Q8XE85|Q8XE85_ECO57,MWQ98022.1,90.822,523,43,2,1,523,1,518,0.0,954,93.50
tr|Q8XE85|Q8XE85_ECO57,EEU1436664.1,90.512,527,41,3,1,523,1,522,0.0,954,93.36
tr|Q8XE85|Q8XE85_ECO57,ENJ2135865.1,90.323,527,42,3,1,523,1,522,0.0,954,93.17
tr|Q8XE85|Q8XE85_ECO57,MCT6468962.1,90.822,523,43,2,1,523,1,518,0.0,954,93.50
tr|Q8XE85|Q8XE85_ECO57,HAN6906479.1,92.095,506,40,0,1,506,1,506,0.0,954,95.06
tr|Q8XE85|Q8XE85_ECO57,ELX9877247.1,90.631,523,44,2,1,523,1,518,0.0,954,93.50
tr|Q8XE85|Q8XE85_ECO57,EGK9459686.1,90.440,523,45,2,1,523,1,518,0.0,954,93.50
tr|Q8XE85|Q8XE85_ECO57,EEW1690422.1,90.440,523,45,2,1,523,1,518,0.0,953,93.31
tr|Q8XE85|Q8XE85_ECO57,EII3506183.1,90.249,523,46,2,1,523,1,518,0.0,953,93.69
tr|Q8XE85|Q8XE85_ECO57,EEZ2195929.1,90.440,523,45,2,1,523,1,518,0.0,953,93.50
tr|Q8XE85|Q8XE85_ECO57,EJN3760009.1,90.440,523,45,2,1,523,1,518,0.0,952,93.50
tr|Q8XE85|Q8XE85_ECO57,HBE6604389.1,90.440,523,45,2,1,523,1,518,0.0,952,93.31
tr|Q8XE85|Q8XE85_ECO57,MBB8027460.1,90.440,523,45,2,1,523,1,518,0.0,952,93.31
tr|Q8XE85|Q8XE85_ECO57,EFG1566621.1,92.172,511,35,2,1,511,1,506,0.0,952,94.72
tr|Q8XE85|Q8XE85_ECO57,HHH4342461.1,92.079,505,40,0,1,505,1,505,0.0,951,95.05
tr|Q8XE85|Q8XE85_ECO57,EIG1362008.1,90.249,523,46,2,1,523,1,518,0.0,951,93.50
tr|Q8XE85|Q8XE85_ECO57,HCW2792764.1,90.249,523,46,2,1,523,1,518,0.0,951,93.50


